basin_id,RMSE,MAE,NSE,R,bias_mm_h,n_values,FHV_pct,FLV_pct,FLV_epsilon_mm_h
0,0.03710635284802586,0.015399432487168479,0.05399368834882001,0.3058592973940138,0.006558989612753881,1920,-85.31470549961384,-269.4189933510276,1e-06
1,0.05847391144785693,0.017814684141679513,0.19241385529563637,0.46903413678129446,-0.007571092790749389,1920,-74.81875015602421,-11.050469286285177,1e-06
2,0.022660192575320207,0.014332222915197467,0.6242120040148229,0.911976558954895,0.012294045834649154,1632,28.53804499476504,-198.5042401672323,1e-06
3,0.019156918811724797,0.011310726891133526,0.5539017737630714,0.8626335326719725,0.008080605080552535,1920,28.041276611013522,-692.0332339355593,1e-06
4,0.03476009783994663,0.020397341073895896,-0.7387182812938635,0.8759437388600946,0.019096842600781677,1872,102.78254554443531,-818.935997059318,1e-06
5,0.07812006515888537,0.033498123482400624,0.676129675940274,0.8275135643658853,-0.001086323505936007,528,-29.637696323750685,-1852.9676676363279,1e-06
6,0.11408538459406443,0.05153306605401061,0.6781240196651865,0.94719814662076,0.046634576133995624,1920,33.425650899621374,-213.57533272064086,1e-06
7,0.02358018695816906,0.01591129016153337,0.7631786903282087,0.905460492416921,0.009872107574760558,1680,10.786318544579599,10.18830981333251,1e-06
8,0.02482425876336761,0.014730402970280122,-0.9405952477541022,0.6917843821375831,0.013303202084978438,1824,82.09697157250866,-3207.0611812031552,1e-06
9,0.0467621510393169,0.02068470901241047,0.43077921435593935,0.7605931568734011,0.011872244521426486,1920,5.121595720785483,-400.1993634425099,1e-06
10,0.19607831239390233,0.03688650409845498,0.05114831769305739,0.25295454448292065,-0.008152634234746377,1920,-84.02530586546983,-464.77750097815186,1e-06
11,0.07623217745941119,0.023224583502936488,0.13740524154264788,0.38719812210440485,0.0017824935047732046,1920,-73.64883359001766,-191.40155494982162,1e-06
12,0.13956575769199991,0.04454434632659993,0.1826003422225133,0.4516164079587609,-0.02252814159254302,1728,-64.42875802372279,-4.021303291816794,1e-06
13,0.04780841995645949,0.01870681406743697,0.371244283155298,0.6516910320457403,0.0075956239318143975,1872,-59.86807412213994,-246.93829743863185,1e-06
14,0.024177371814300446,0.014806939600270661,0.9142972471215196,0.9595938965281667,0.006146511806839365,1632,-13.625048238990743,-19.39240047049704,1e-06
15,0.04699313148638927,0.018364570672289388,0.6869597071611984,0.8738516574143395,0.00923451609860085,1728,18.432993701642364,-1015.8939140511153,1e-06
16,0.036782290437562926,0.021511012410822636,0.6878879771090124,0.9023407142984662,0.01832327298131228,1920,-7.019392979754702,-742.8901316790236,1e-06
17,0.01094277754556685,0.008922782803880919,-28854.620333725776,0.23035468907270093,0.008750192272331118,1392,6909.914304320447,,1e-06
18,0.08030231856162369,0.018340839240736713,0.2906401110625827,0.5610966421317319,-0.007734104817253873,1776,-69.58039318694534,-185.03252509409916,1e-06
19,0.11354581017021265,0.05749280385789461,0.8287471801136971,0.9305841920455659,0.014400306605966761,1920,18.94279294344378,32.45875336197357,1e-06
20,0.012922062333196751,0.01047682118239916,-6.931860706924364,0.6019260058608774,0.010188310315263354,1440,65.86271231985724,-635.227380797355,1e-06
21,0.05642664712013178,0.02035161440023027,0.43841677991181804,0.6788631558027506,0.006811129555717344,1920,-15.449092619848715,-14.49442226566666,1e-06
22,0.020389441990423043,0.013145609332186878,0.8018933534287142,0.908053340025577,0.006247775010022326,1872,-23.957733654739496,-1426.1843797894755,1e-06
23,0.0703456160751127,0.027051374266132674,0.7186728715952232,0.9012641688786933,0.0072856379293322485,1920,-47.39317033187301,-142.01269197848163,1e-06
24,0.023489214063237375,0.013327598858935138,0.318048806247905,0.7123032745264947,0.00971229129160444,1920,-19.605266996503094,-361.71092074456516,1e-06
25,0.08306372496630013,0.031182438567091002,0.5361736324586144,0.7335461309010021,-0.0010574888457264553,1872,-22.43604848604714,-261.3159091103891,1e-06
26,0.0058011755213432815,0.004632429386179915,-17.31466358012635,0.5331071954949306,0.004203237262571887,1920,143.54670362088677,,1e-06
27,0.29643314874468446,0.06265962950952848,0.01045577597746472,0.23921202195335586,-0.040601852353164776,1632,-95.2558888479206,45.25509779181592,1e-06
28,0.006931765733418771,0.006162087059061487,-6.975436478239154,0.7976048938680788,0.00611011012467569,1920,95.77836395378314,,1e-06
29,0.027639184835626288,0.01963664066826106,0.9339091447829926,0.9721578659037018,0.009864798893110188,1584,-5.693624101181471,-529.2715079246968,1e-06
30,0.20777897105939905,0.044195497149970224,0.1836602593853085,0.43173807934910985,-0.012030008409540945,1920,-52.9465939980857,-218.29655962691882,1e-06
31,0.009107068955497311,0.006863896040205682,0.15454477783481946,0.7891003987366668,0.00628943574557536,1920,2.7471931869818293,,1e-06
32,0.21037183362966064,0.055437934088126896,0.04014461634658906,0.22165881572219287,-0.018886519037907116,1920,-75.7097484332396,-48.951825480222666,1e-06
33,0.08298118322785446,0.02631847634869094,0.4661202621209385,0.6943560963492681,0.0021723705679202493,1920,-48.319229797084674,-984.5828526094409,1e-06
34,0.09499545435348088,0.027473480503751837,-0.1274597961253665,0.21115439476962908,0.003732821456738055,1680,-32.33684410422162,-429.70287444567805,1e-06
35,0.03102045281997827,0.017680132845956563,-2.066402881859744,0.6241447424817033,0.016887550836132057,1104,60.67982822458131,-307.994932731338,1e-06
36,0.01877755128566908,0.014565377453335613,0.6029049763817431,0.8730453886024303,0.01064921608889967,1152,4.816786520118842,-66.73954809197075,1e-06
37,0.1558058400975617,0.06108917828205449,0.7463986170037816,0.866545469491195,0.014700567290735005,1920,-15.946882469680368,-729.0079000569207,1e-06
38,0.056771352343555424,0.02905659542836171,0.5131860437932305,0.8146576143371652,0.01470581038011005,1920,15.770898250848512,-389.58644443730304,1e-06
39,0.035983377979303816,0.022097059919368812,0.7698727974146947,0.9226568060597498,0.01465613038545508,1776,18.272514515883614,-63.5288239071009,1e-06
40,0.04883197962263185,0.025132422518605986,0.9109849610183085,0.9794063535916967,-0.02141150268105169,1200,-23.17067431515386,8.514318284502348,1e-06
41,0.2272726541847719,0.08990496855888826,0.785264205685775,0.886247584995721,-0.006363525154301897,1920,-4.525597017138938,1.7748958237573949,1e-06
42,0.04638558328900685,0.01694547327933833,0.2803801437099347,0.540879086059656,0.005709547702766334,1920,-54.80766385333933,42.68479277010698,1e-06
43,0.32183483057279016,0.10588994573530121,0.4877547035036266,0.7090772929402692,-0.05201569213337886,1920,-23.676310255471623,-76.12517864065316,1e-06
44,0.01737731524825496,0.011373594548786059,0.786966997232563,0.9245992160734295,0.007785552627562235,1920,11.970577537448536,-469.5720849079447,1e-06
45,0.03435055860367796,0.016010570611817657,0.47477387239583513,0.7141787545669017,0.006735010369124615,1440,-14.953466486906605,-669.9371469205541,1e-06
46,0.015071476475780889,0.009273828549097137,0.5210860694384085,0.774748143632136,0.0060952821411774495,1920,-27.12792354652216,-2798.588588120989,1e-06
47,0.011500284443738157,0.009270106533431213,-0.1935021996980304,0.8250078561405948,0.009118784466743652,1392,23.503509110910688,-216.6442700608754,1e-06
48,0.028690279480223048,0.019175293324493664,0.7195417289311283,0.8719366124544664,0.010677223029671478,1728,-17.120794150351262,-42.7444173399048,1e-06
49,0.039205375703375504,0.016571307889777624,0.5133904601810708,0.7371529872313244,0.007201756854919949,1920,-45.54303387696195,-107.3979918888277,1e-06
50,0.08717293840448727,0.043770066458576666,0.8308329140517856,0.911562541271046,-0.0017204048383670548,1920,-0.4086921636300535,-8.000694566781284,1e-06
51,0.02961742351367018,0.019875499124135523,0.7777473682972581,0.9084552813447737,0.01198249693392896,1488,7.062395779793768,-41.893542025091904,1e-06
52,0.019782894752689077,0.012638076778051571,0.5052931642218038,0.8214231815288342,0.00795249424239349,1488,5.304697273422343,-625.6671707363579,1e-06
53,0.013699261501736396,0.009931438883284453,-6.282935059433449,0.055003793233949036,0.008729088709771578,1248,44.24584986495152,-1050.2690700766318,1e-06
54,0.021888574195041147,0.014932766030285979,0.6296889498279246,0.9372004925512861,0.014595893204291076,1824,12.856342191295555,-714.7676133641285,1e-06
55,0.039505255097692586,0.024514533136971293,0.8084470714448783,0.9105468115950821,0.012939406949832725,1920,-16.70216686128896,-79.96673507630892,1e-06
56,0.06160888626262789,0.032450858104357855,0.6298822631002552,0.8039576372507942,0.01268797052725491,1584,-23.249089454673268,-3.5905369959194413,1e-06
57,0.014157672386762705,0.01050894568828274,0.896563719959325,0.962309005884307,0.007552961228733087,1920,0.7199637227711849,-1029.9646229160055,1e-06
58,0.0559244558001416,0.027145413025162924,0.5834919685930766,0.8050481308106194,0.01670515049710615,1872,-7.052878601585176,-159.48139148823225,1e-06
59,0.009098955086702725,0.007464736003748839,0.9255039417051891,0.9756670133156228,0.005350555417317082,1920,5.385246386242899,-1892.4149175198738,1e-06
60,0.05705453192456721,0.02931599546668711,0.5451199760050771,0.7754354958035233,0.003548891013005963,1632,-46.53804510411291,-24.090315719366576,1e-06
61,0.04733789118446956,0.026409665783434413,0.49452913300793455,0.8077476855391311,0.014647449276700584,1872,29.15087700842997,-673.9765268297631,1e-06
62,0.010783758328806193,0.008544564154222042,-3.2852502061070634,0.5766582776060203,0.008387150430237019,1440,16.769073667403713,-2223.2552105406817,1e-06
63,0.06395967797442256,0.02920231921472558,0.7866015413218469,0.9150553475453731,0.01706745606515827,1296,11.345224174713856,-564.7130279380589,1e-06
64,0.08170237657333594,0.027738235438543295,0.12908227653104187,0.36509448908495307,-0.0050316331253617095,1680,-72.73201588539281,-389.34579363124396,1e-06
65,0.02596483625963794,0.019263199928941,0.6682885426896321,0.9074017920484247,0.0135201377962302,1440,31.41120105111755,-1086.0187857129574,1e-06
66,0.23081435551462193,0.09179842613521032,0.547305378972794,0.8187468271465779,0.027279099385486914,1920,14.289896127710946,27.23414481359731,1e-06
67,0.030055265592428784,0.010788853129574724,0.7745279164370353,0.8903681479283365,0.0039752089814323694,1920,-27.203532518481577,-267.7569501703891,1e-06
68,0.10298093796311501,0.02241679476927467,0.18854147976490498,0.45993019061876667,0.005991425682233447,1344,-30.21005351149371,-48.873793469003175,1e-06
69,0.04237082750804792,0.021398968510502905,0.5791101560797636,0.8530764610802228,0.017249744971341366,1920,4.076914174762818,-392.16835890984356,1e-06
70,0.01165830496791397,0.00735303738086562,0.9777283328474929,0.9895845778211007,0.0026462403829403533,1920,1.7645606064203707,-98.85080782081546,1e-06
71,0.06380446350773658,0.018441522438814372,0.08192610924168275,0.32524665556826793,0.006331808054247838,1824,-48.39210623821145,-40.501273475923135,1e-06
72,0.033528772630730175,0.021446490935583522,0.7804232287665083,0.9123224115456929,0.014605997926992131,1536,7.115599058366405,-84.45929265589332,1e-06
73,0.435326216396327,0.12423212180826036,0.5688572751522454,0.8213671436997713,-0.08587243279228764,1920,-52.140923842941355,10.44335875420055,1e-06
74,0.12812873411030778,0.05555129209969891,0.8853183308433615,0.9541882161905907,0.023901712533067134,1920,18.781917238268004,-42.06335913543488,1e-06
75,0.15131288708673882,0.05513594824781952,0.15003318524640585,0.7246381547912614,0.029053477296838538,1920,18.237397477898895,-99.81383207504484,1e-06
76,0.05459735854412648,0.03027229273253137,0.7159233119277189,0.8471961225063855,0.004191346622974379,1344,-17.578492906623534,-1262.7024795318985,1e-06
77,0.06785433481353519,0.03170629630524976,0.42997364459644527,0.8742932843777016,0.027653970278333873,1920,23.027769619481592,-51.756204029386204,1e-06
78,0.0388636106811532,0.022251263501987393,0.8392158757376269,0.921757722002576,0.009512089446209194,1680,-4.005115273874033,-39.16421689812884,1e-06
79,0.05844061405835083,0.024143291946597013,0.8270108931886613,0.9187593686499613,0.005041505707494152,1728,-22.755472952822522,-12.764070334177195,1e-06
80,0.02368627862546812,0.016425215896437473,0.9006434815384173,0.9709801350076788,0.013054024225480302,1296,5.536776181386988,-50.1840083407824,1e-06
81,0.019858745081749687,0.010098604326857538,0.08959454358502239,0.5148792705504763,0.0057612399910188595,1440,-14.343339541565948,-1434.514615799773,1e-06
82,0.027781941713353554,0.017172240428238485,0.7975842158381093,0.9182097430414641,0.012428358446729059,1200,2.4388212256051696,-132.41228762448154,1e-06
83,0.0230089581842511,0.013605047425820279,-2.280088519119968,0.8934049420721349,0.013085870549730316,1920,152.31118074741642,-1657.146289923181,1e-06
84,0.021415188947214368,0.01249934340370388,0.6717265365039375,0.9045098505784229,0.01137008038624397,1920,1.7774039393107055,,1e-06
85,0.0036697401292848566,0.003000062175851781,-1.317679441333206,0.42443743924339067,0.002296999540218773,1920,6.727812583552639,-394.38750574829294,1e-06
86,0.04510029199212714,0.018094475740317556,0.7351910027489488,0.8607218108278596,0.004169869367762309,1584,-23.904735035228036,-169.96090823743245,1e-06
87,0.11505285179977232,0.054147313522494016,0.7720767351607404,0.8848293656004538,0.0011292156920751073,1728,0.7251807477596115,-34.68214240990183,1e-06
88,0.08200122425685047,0.0277471183587543,0.6801171707252209,0.8806301930807491,-0.02394282692723503,1584,-53.19830317349255,-52.52779827863005,1e-06
89,0.04797099326792867,0.020965287529822553,0.24344114544603612,0.7474520177858849,0.015406444787500235,1584,26.90173013475336,-434.6683611712119,1e-06
90,0.05142934408119717,0.025426827270227173,0.7209889696799427,0.8592549534970136,0.01233112255576998,1920,-25.47964916011223,-3.7573955114950732,1e-06
91,0.12278070668116024,0.036565371288493374,0.3698305021830237,0.6513976686588409,-0.006292015033537727,1488,-60.498411987501925,60.235716965237465,1e-06
92,0.03608113109840447,0.015916782836817824,0.2663770197623131,0.5210713867558225,0.0029422882187645884,1920,-47.82893165319368,-29.677427699677565,1e-06
93,0.07325735392602924,0.03891333959993826,0.7002722929035237,0.8425681548801055,-0.012911352487769623,1296,-5.954886630515178,-95.33118058749417,1e-06
94,0.059596101778957335,0.024357400834560394,-39.751161247696146,0.1618614859640808,0.023923320613712783,1680,637.8207268260554,-988.0982941247464,1e-06
95,0.006471174291317033,0.005870712962208321,-1.8581811200941516,0.6675042474977435,0.0057024747978024004,1920,-7.273326372323998,-51.41263708153895,1e-06
96,0.0629263458267892,0.03191545601707113,0.8070253330840761,0.9048184263040362,0.015179707580332265,1296,-32.72982642102174,6.862083452757333,1e-06
97,0.029277318618272676,0.01808178423213706,0.6128289543208453,0.8119196186245061,0.00887169149590634,1680,-23.364062409284468,-51.766506032304235,1e-06
98,0.0694073879698625,0.03327587505821915,0.2647800469059871,0.6518472061696409,0.017675365518274096,1920,-9.094545535893772,-91.35430012802665,1e-06
99,0.029551179000081345,0.01833246591074082,0.8964785960888114,0.9561797088596893,0.012219809645083382,1488,1.3203847685380679,-364.3315104643641,1e-06
100,0.018045216166384007,0.013746816871514288,-0.4705418837132629,0.6146383379997418,0.01080824811965702,1632,25.864896396378054,-1734.8653435293256,1e-06
101,0.025762856481850036,0.012640667625237256,0.6917268399534648,0.8480489536672281,0.0044083712166563295,1920,-30.411664139691393,-322.52539664641216,1e-06
102,0.020877793328145773,0.01467259153076965,-1.3210552811202327,0.6898986372823527,0.01453660906602939,1440,15.588328530488347,-142.8944945384055,1e-06
103,0.07627759334062237,0.01682290168000975,0.5781579279841986,0.90401281882538,-0.003682091927018405,1920,-56.65531125549285,-44.55335920917223,1e-06
104,0.022868046597844863,0.01603882265571017,0.8266537998781707,0.9246109122798221,0.008956412593224307,1680,-10.98479860711577,-148.33744381384093,1e-06
105,0.019529855312301524,0.014750644507139553,0.18732831935599614,0.7704287540029687,0.012204165113399978,1296,25.391370024390405,-153.11811848796384,1e-06
106,0.05605701710056266,0.021431472477355662,0.4603267248353141,0.7908852226594413,0.003116093842198886,1920,-58.789175925340686,,1e-06
107,0.14495851849036903,0.06177209126277982,0.6968903358528755,0.8375738507574713,-0.006264207109537286,1920,-8.331245095946645,-93.15339560047723,1e-06
108,0.028766078455933857,0.014341722940342028,-0.6651870273452034,0.4782996189850444,0.010779414598256798,1872,30.666125777653665,-617.9975306917038,1e-06
109,0.019490548493784954,0.010666099037652336,-2.9575697618923833,0.7300606813416628,0.0105069131163073,1920,164.19176027860763,,1e-06
110,0.060162122374616545,0.029191778693563753,0.9218464893737702,0.9802518832784811,-0.023278151094456443,1728,-10.43055234779355,2.136201640697184,1e-06
111,0.06903422601258499,0.023108893124173947,0.1844371641496545,0.4573580813099052,0.0013097220289643257,1920,-73.25917610277716,-106.31436285987924,1e-06
112,0.02831963706775082,0.017006318608158228,0.9099848482007452,0.9640648476481404,0.010229418068168647,1920,4.558764164067366,9.513041251969383,1e-06
113,0.006005571094041204,0.005075355631652201,-16.276923010585744,0.46829669138988145,0.005070487470554023,1920,164.26545119464868,-30.710756796666054,1e-06
114,0.04091830211295461,0.019717169417576355,-0.08907431093265816,0.822821532736842,0.016513645399662883,1584,84.87193627048859,-38.65457987593966,1e-06
115,0.1497924592014131,0.03617070713698922,0.46688605910460457,0.7340213726911875,-0.009060592128298595,1920,-68.73219200472653,39.11016638907021,1e-06
116,0.04333344615557358,0.02186474258202799,-1.8381569128671043,0.7887731842902924,0.02121427517837434,1488,88.95391332790659,-48.22646660563591,1e-06
117,0.02978965546879236,0.016313714082496725,-0.8769376974542862,0.837320173954142,0.016234011033477696,1920,47.26886099119964,-680576.8412789275,1e-06
118,0.065743906554775,0.02583668892461277,0.3734338462686497,0.6179927453350459,0.006957445329046059,1632,-57.572546150537825,-319.65467809621856,1e-06
119,0.022412353483008705,0.014176438006106764,0.7458563430608848,0.8954696138758175,0.009837505712639541,1200,-3.216992736882598,-127.08411988701272,1e-06
120,0.05725119531453769,0.020609925999047443,0.7605386114643984,0.8810157849558843,-0.0023666434356494357,864,-40.49698798079517,-71.28204415437511,1e-06
121,0.04684444127608393,0.022612904064867292,-0.29120201964313686,0.3491091320860549,0.013276559220338683,1680,-7.551239370405884,29.739287374023085,1e-06
122,0.018840723686259536,0.013179695417529417,0.3427758206594894,0.7635830166341292,0.00971889462790643,1872,5.840594290958449,-2.9601778740432376,1e-06
123,0.0952860361281331,0.03654409534176765,0.7786845919890777,0.8870481012290973,0.004285149713989931,1584,-31.363291729669168,22.949323764000784,1e-06
124,0.010110572376494239,0.007409898901967631,0.8715298043295958,0.9425909726762111,0.0019294758453781223,1296,-5.647219999323939,-64.17623063697543,1e-06
125,0.10290082804737848,0.045524936629296846,0.813281235014885,0.9243816380412958,-0.013667736552702326,1488,-27.936686388313138,-184.41763588293526,1e-06
126,0.036946811574949265,0.017004626637910948,0.06914141191619061,0.3493362506100267,0.00864894998402255,1872,-72.64337919528484,,1e-06
127,0.05420879670230156,0.015557439915930142,-2.005163952791862,0.5465860139285342,0.013164375803664067,1920,171.3656227497091,,1e-06
128,0.03859190447362516,0.016587372862947328,0.7081455597644049,0.8461944312415101,0.004922915408193755,1920,-29.85418430733304,-643.0952844862209,1e-06
129,0.21571908770267514,0.03157886631309408,0.03373270817695939,0.18434966980230277,-0.002488235444725122,1872,-72.42966632607327,-42.33106440391707,1e-06
130,0.01925609095914827,0.01156599909736542,0.7411206210995948,0.9278191181974661,0.006825207273262398,1920,24.670728802945327,-31.488299824147575,1e-06
131,0.02626716215786484,0.014809022868939791,0.09386078991457725,0.829363677759023,0.012732339287443514,1920,72.09608943944073,-70.41812590682059,1e-06
132,0.024972775722330632,0.013460424407336783,0.8698902679882099,0.9573560233788854,-0.008122115634857133,1536,-15.065293337066167,-22.645435022425865,1e-06
133,0.10204226388534694,0.04671956832171418,0.7650697333389281,0.878975308998321,0.0075476046282953275,1920,-25.085126526778996,-4.572884342281231,1e-06
134,0.07170071868007635,0.044302962769177695,0.9014685450015554,0.9500930760061422,-0.0014056562179965632,1680,-11.351510368682542,8.19856729161445,1e-06
135,0.008844878602310058,0.007156990037373134,-318.9605306708654,0.07785395818386215,0.006936610093257893,1920,1321.8310706357909,,1e-06
136,0.39973173472242446,0.13447841744540104,0.43648682993736854,0.6842616063430224,-0.06970863792133362,1920,-50.22214873230329,-38.615640522522476,1e-06
137,0.05733048388412556,0.02334202791195518,0.2528945907243193,0.5091736768920089,-0.0052871561735325185,1920,-57.90416003377931,19.85950160441196,1e-06
138,0.013867974375538881,0.00981515976334013,-0.6108595039517724,0.5296073559282374,0.008338318888356164,1296,-23.957458077576135,-1266.1884311186332,1e-06
139,0.4614686010660706,0.10127087091313206,0.0185714401700684,0.23485903271022696,-0.07744787526414118,1776,-88.26586812271486,45.232206934354224,1e-06
140,0.06094200280467788,0.02066597426686106,0.8734456917646121,0.9446431368914562,0.006433651453820252,1920,12.389310028711936,-269.40428525157705,1e-06
141,0.05273894891991613,0.03449532180314972,0.7594380951940615,0.9011407209878542,0.011192372760602406,1680,8.387701320971592,4.00946969026201,1e-06
142,0.04189510031554776,0.016224244684660032,0.5434116701936325,0.7472215408084525,0.002910756222748508,1920,-29.713972761499193,-2104.871706269254,1e-06
143,0.020822522608445627,0.016395693107774098,0.6406783775297044,0.8872637555791532,0.01278650142163921,1152,16.48371964422218,9.413668992138899,1e-06
144,0.062266984647761724,0.014176362181994287,0.23894748593702209,0.49743394960860554,0.0017049032753372255,1920,-67.07121690725769,-42.025070010485756,1e-06
145,0.02729043450625962,0.016906089698860535,0.7151402777542296,0.8546773843072543,0.006248061387032986,1584,-28.88452266114265,-67.70732252063284,1e-06
146,0.18684578802293975,0.0683712341334145,-0.0009925475116603355,0.21804815860261254,-0.026697308025274945,1584,-54.98912812130675,-126.43412819845628,1e-06
147,0.03715114949594608,0.019952896230480615,0.673528065859311,0.8385114536012361,0.009232849986078406,1920,-4.8361240492428745,-105.99583015223303,1e-06
148,0.0217314438442553,0.014578900121462842,0.7982652138298583,0.9128146518588592,0.006069647908831636,1920,-24.2580059464862,-1088.3327749242364,1e-06
149,0.13337137326510742,0.04476906954320536,0.31180327087110604,0.5801054611595717,0.00019269447026696676,1920,-25.352372064393617,-56.04217208515328,1e-06
150,0.021854412874702134,0.012127748621986711,-0.23768483307507537,0.8826419862136502,0.011601500394152708,1920,121.206214154659,,1e-06
151,0.026131975434004757,0.01425343588552772,0.8602076418679003,0.9541027735215506,0.009768146221301097,1872,32.08259459909891,-970.7756658277871,1e-06
152,0.013606385389972126,0.009876543317698643,-3.2615013947883433,0.44989037244665564,0.008643847603228203,1488,72.01411643152599,-1429.572051253131,1e-06
153,0.07288679413929712,0.024676378161691697,-0.9699302853707346,0.6096584836850821,0.017533670787330872,1440,86.25351716710163,-802.6443429884793,1e-06
154,0.13810410914341542,0.033937457955698844,0.6142649667433078,0.7897660473593743,0.006297838289553207,1920,-20.339360901941724,-893.0994457981618,1e-06
155,0.02319926320343212,0.014902916534144122,0.6383565489932337,0.824266461613969,0.007264731659476335,1920,-11.055373017000674,-77.83475504362085,1e-06
156,0.08543224206291469,0.03464253589388532,0.798258720210052,0.8945706058167785,0.008255721304941779,1248,-15.753157635248005,-50.0416612340843,1e-06
157,0.009162716079225398,0.005383123030617772,0.64495172323994,0.9457550342840032,0.005271176880687278,1920,33.059313895231625,,1e-06
158,0.024106139221359842,0.012532827502582222,0.6386444116381089,0.813481567174498,0.002914983608449499,1920,3.943177077993038,-15.889941774562809,1e-06
159,0.15790201212585617,0.06647387432603864,0.8097031874930263,0.9025905324881047,0.008833148803387304,1920,-8.745321542616901,-118.79606536361874,1e-06
160,0.03193923304667647,0.013463227398322413,0.9615196411519651,0.9815488373938185,0.004936755976797258,1920,-4.965859087283397,-93.65681400605797,1e-06
161,0.040449825873398924,0.02503477493689085,0.724724850636344,0.9041248166611437,0.01725147680263035,1920,4.876934856630759,-94.62264689456191,1e-06
162,0.03611555743227253,0.021078975042248548,0.695338409055005,0.8545806113973006,0.01130917308488885,1680,-7.799679095993258,-223.79096056196377,1e-06
163,0.0315878133733461,0.01723848926133845,-0.8837633053320508,0.6108168010058317,0.014346072255648323,1920,96.06903652778723,-401.8759847138339,1e-06
164,0.019798851796493797,0.014921937940037414,0.9185655504379434,0.9665821557199998,0.008234780600920704,1392,2.264941179460093,-11.489372941703659,1e-06
165,0.008414762819748726,0.00570393925036683,-122.3367630814875,0.09252032466458918,0.004729849865095014,864,685.944690534031,,1e-06
166,0.1250859241880046,0.04130513627133041,0.4173014025134435,0.7706430398724289,0.014695195653742606,1920,19.09309794991752,-199.86429246471778,1e-06
167,0.08421230680077606,0.041021784547289525,0.8608642600922743,0.9333458186235244,0.00285211527273835,1920,-0.8260221528134867,-103.93319797333403,1e-06
168,0.016548694221036945,0.011319100356792124,0.9554150260972539,0.9818588212979523,-0.0010290835545255016,1872,-0.6755613350215608,-203.55928136537213,1e-06
169,0.07325290774073184,0.029597251880139303,0.3637028614700194,0.6037311175213418,0.0025033039100279624,1728,-38.553741921986216,-300.16233756758373,1e-06
170,0.0070760795196638275,0.006437536378966513,-5.401153829952908,0.6291580476915967,0.0062669128523684964,1920,55.808630523517586,,1e-06
171,0.011764196380864376,0.008305684683242968,0.9399151004672591,0.975874496690487,0.0053071177074646885,1920,3.94232981192014,-84.78790229543556,1e-06
172,0.013561432374325787,0.009148244470513116,0.9751631849276512,0.9888609929275649,0.004395870428480622,1440,2.576712399615621,-35.39188000006862,1e-06
173,0.22391791337198308,0.054480178981126906,0.3766877715670548,0.6161109098373317,-0.014148471810040064,1920,-44.55439015736596,-37.457896235224844,1e-06
174,0.5473862524400646,0.10040921518983718,0.38246286647224925,0.8381784472310311,-0.05896517201785609,1920,-74.99027900227517,-165.96719510731083,1e-06
175,0.015193124897066836,0.010671213107292304,0.857575083676734,0.9514110494765584,0.008594699226037963,1488,-8.66709748041085,-59.284159883355755,1e-06
176,0.12877783424713157,0.034786334423794564,0.12807568330140184,0.37999069799845886,-0.007071148816127485,1920,-80.76002412599709,-132.80397594747754,1e-06
177,0.020681866646905325,0.014385944475893617,0.7888869657453679,0.9505988193336239,0.012329307342932675,1488,35.02587504348119,51.1368424417785,1e-06
178,0.042696363135263586,0.026093131446669627,0.20333198565408472,0.7086080047170692,0.015252534922960604,1872,25.803770239456828,-2256.507329117086,1e-06
179,0.0473224185587292,0.02447876873257984,0.7044859200056119,0.8643951764778353,0.01207377365208231,1440,6.155007198109004,-15.629360508852557,1e-06
180,0.05214716854564046,0.026227697693363607,0.7719859334812109,0.9156402611529676,0.016985059051376976,1632,8.462505111621416,16.156531731616226,1e-06
181,0.05944666160734502,0.02600842852415234,0.5969972983673296,0.774857929791503,0.005170602227473602,1776,-32.376198884852826,-81.30186363016966,1e-06
182,0.00941317922726643,0.0066679544770522625,0.6199095860671315,0.8365242242413807,0.004255009128428355,1536,-24.493254923929925,-292.58455064809584,1e-06
183,0.04464152540767682,0.017105684988200663,0.6611005484921415,0.9161778800122982,0.013533165520736171,1920,40.06506136916288,-269.47099850084567,1e-06
184,0.020951788470383485,0.009848415747789356,0.5349492272956715,0.7422150821882607,0.0029922919192661842,1920,-26.498108070627993,-129.41108158694686,1e-06
185,0.030128928523738916,0.018218943592122134,0.0804164239825863,0.7389053821475314,0.012400497706645789,1920,39.16473376284683,-23.706076458196954,1e-06
186,0.02850124914602548,0.0096852670296184,0.8010797930336649,0.9382517647326916,-0.0019041378976821545,1680,-41.33480543176296,-172.12428649547473,1e-06
187,0.08260339402413998,0.03002357408338724,0.7428856361442502,0.9108948307996102,-0.0049366482218793665,1632,-38.69976508583569,-155.8584985103653,1e-06
188,0.003969491770512244,0.0033389404920399564,-6392.247811836626,-0.07274797369895597,0.003262210643712571,1728,3852.939009398418,,1e-06
189,0.02293803370128092,0.01678803711416418,0.4704862014565888,0.8585794442564633,0.01368533471506928,1776,13.06659180918648,-76.40305732586275,1e-06
190,0.02689706422427049,0.017708649330537205,0.5639600175153896,0.916210493407597,0.016054180085241874,1920,34.89251526136444,-144.6828143522188,1e-06
191,0.06225016101989109,0.018160003453591516,0.20387657180546692,0.47808949733196243,0.004053507210275192,1680,-37.56316299415681,56.40687466298501,1e-06
192,0.006538684500157738,0.0050943837652691094,-6.894941183734296,0.4806296161188896,0.004946523364560562,1920,118.28412158531242,-53.347408417929245,1e-06
193,0.10824236010386158,0.04641962409342993,0.6479023720518462,0.8225333473361669,5.1995145541796875e-05,1584,20.029434862824345,18.95196207974996,1e-06
194,0.1876877622667429,0.07136481015792621,0.7962995905613041,0.8969345145491,0.02258837347738639,1920,-20.673642721689518,-82.07011810280552,1e-06
195,0.14131351888430596,0.04931065359269269,-0.01979063075310883,0.3044048325381463,0.00822858697307917,1920,-33.30781112949179,-113.67349260762634,1e-06
196,0.015282060235520008,0.011001001770620423,-12.020789769400183,0.34949288674048484,0.010388403671790288,1488,201.01523989626472,-169.16031313746635,1e-06
197,0.0601406794003641,0.032181946885611976,0.6443924692562064,0.8028476645370106,0.00032317918266926425,1920,-10.996636452489032,37.30520288169076,1e-06
198,0.08897879103051919,0.02680910351967517,0.13687357551878587,0.3963597496277784,0.007023066318652127,1920,-47.27165571137319,-167.0887169825469,1e-06
199,0.02366095387720918,0.014690952915817691,0.6117360062569928,0.853842849067862,0.011820812841964902,1872,1.5577071816193067,-309.7700758817848,1e-06
200,0.11373402387912843,0.03762415468026163,0.6819833892557148,0.8638079736127603,-0.004097873244886398,1344,-51.409806452286766,-99.68597513167153,1e-06
201,0.015519132854706193,0.010899251367934286,-18.76714918321894,0.4450254320444465,0.010788716137808255,1296,296.196483117438,-410.6643416367652,1e-06
202,0.046204015128643534,0.02039139102550204,0.08733404032689251,0.7758198213572234,0.014156486251037374,1920,53.19960855007216,5.341546293314023,1e-06
203,0.023508253198839854,0.015465135649699372,0.7009557229068977,0.9734962130451426,0.014728030857350423,1920,36.256264138855556,-335.58382507924216,1e-06
204,0.07691538277605592,0.02630644446097514,0.4156424131209394,0.6460801001128149,0.003050134168699428,1344,-33.04222197983264,-44.4780845396924,1e-06
205,0.03354001402277806,0.018678415154014753,0.9662827928596537,0.9869443762370708,0.007679384693255997,1920,-11.136570890012878,-171.59412240586525,1e-06
206,0.1649053703478518,0.06701055180650049,0.8316349279259061,0.9123717983739413,-0.010773594664836612,1920,-12.533709476927209,-101.41933954054848,1e-06
207,0.006801558624332822,0.005787328760197852,-9.470725835116856,0.6122183386615462,0.005748229229357094,1920,90.9397214294087,-631.7499120344096,1e-06
208,0.5301610627801134,0.10258444904951224,0.08886989959740288,0.33033476399133216,-0.04517682193933676,1920,-52.17870263930822,-30.48241148153977,1e-06
209,0.024244467410239685,0.013193435670564213,-4.986601341832487,0.7468466051128825,0.01311176861806113,1920,130.5803958957093,,1e-06
210,0.021107497983911594,0.013673286670382367,0.9167212088160425,0.9668889179697228,0.0021541903806792106,1920,-2.035440721398361,-1378.2718852011078,1e-06
211,0.019328656541369265,0.013900622152107843,0.6408441301753334,0.8989784417053112,0.012164168160852987,1392,-2.8451796119586414,-133.1189104785462,1e-06
212,0.035815748570495874,0.02363477417966351,0.9535176971366773,0.9765610486542537,-0.0007472471256429951,1920,-0.21066683731806843,12.618039549006191,1e-06
213,0.05916830617580275,0.02040396668941385,0.39822873340900056,0.6500156945123061,0.0089626862318255,1632,-31.41928364967676,-58.00195241360454,1e-06
214,0.03330700807774237,0.017796934327777184,0.2238247078249802,0.8966196520800764,0.016454228317575054,1632,56.143118502159474,-2633.414998738953,1e-06
215,0.05129858972949129,0.019750236297517806,0.2669029921290563,0.523103903302252,0.004603168729873788,1584,-60.781270824924896,-2421.142308792012,1e-06
216,0.03689296479567256,0.017546120909779955,0.7456958730069335,0.8777913928175682,0.008197424958537643,1920,0.5625790703032153,-7042.217454010161,1e-06
217,0.0449174032607632,0.02240269612047996,0.27947343069796227,0.5625760595722222,0.010160864338710477,1536,-51.55193277875521,-120.60793123811308,1e-06
218,0.12753109711367946,0.04458057585249965,0.12573991898957648,0.3710469308895281,-0.014892082347068935,1200,-74.01390400492942,-41.715240820332895,1e-06
219,0.017506032726068883,0.010021260985862075,0.1374185698749727,0.8127432300421971,0.008452494980641252,1920,49.83159534340126,-2550.9577981042385,1e-06
220,0.038238537457193675,0.024478189491190704,0.8101104747416015,0.9181745777857416,0.015695679280225205,1776,-11.157852113520839,-828.1282163759009,1e-06
221,0.009711046273400603,0.007933652141605569,-30.160189243160005,0.5331954996756455,0.007840685912130026,1392,266.7765161585148,-1023.76862375964,1e-06
222,0.2585994040616048,0.09481413187362099,0.6962280004714805,0.8350300748689682,-0.007603632459843842,1920,-29.891150938794645,-48.06097901450913,1e-06
223,0.09436767912457096,0.034366000045944624,-0.593410534315608,0.5155249272685208,0.02183798373444006,1920,30.619326949943495,-84.31122839958834,1e-06
224,0.21314737879262186,0.07634824814822264,0.6603333701661127,0.9594293004986985,0.06870641360435177,1824,54.99828312365384,-77.07499247611707,1e-06
225,0.05892502354954006,0.024597036994050425,0.8760480450364725,0.9374722447837304,0.00646773259788274,1248,-20.857848275647243,-81.98868204905358,1e-06
226,0.024609187525368035,0.01615774160588854,0.7288269159366663,0.874375824914609,0.008485256292510266,1632,-6.201479358022178,-46.09380973280916,1e-06
227,0.021357346643954098,0.014181019669243445,0.8291923494296136,0.9490513448733883,0.010884695047667871,1200,17.042222962796586,-141.59529739965748,1e-06
228,0.03665778213359573,0.014690903421486231,0.8099106569359792,0.9292169877449246,0.009954138375201182,1920,15.38632224992181,-457.16237658060464,1e-06
229,0.04396310874614952,0.019998882122044155,0.8659951232166819,0.9333688320462502,0.008418334918171648,1920,-1.3330961976273443,,1e-06
230,0.030518379668469733,0.01854932853823104,0.7152601701504344,0.909877445087958,0.01619815152914978,1152,4.6186156355971315,-435.5053579593676,1e-06
231,0.013961439795268033,0.009479335657808752,0.9481461165112027,0.9796120891106657,-0.0023945131361307135,1680,-3.0348403123325975,-85.20379567497301,1e-06
232,0.08268316455604312,0.040505273170613997,0.8989570096600581,0.9607168992283295,0.012886089404734473,1920,14.091615996216724,-173.56142278169753,1e-06
233,0.0737025667801458,0.03452567480346578,0.0600860571507853,0.4865906188322459,0.00509028468548197,1584,-11.450462507781412,-108.2558885986927,1e-06
234,0.5067435721392761,0.08255143256025045,0.0012639067934581139,0.1113794140932872,-0.022832833182023934,1200,-76.35879086964376,-99.51351266685414,1e-06
235,0.09092388137073591,0.03597262753303059,0.40077953966479485,0.643553025830034,0.011260857955538526,1584,-55.31332873063493,-43.47984551255443,1e-06
236,0.1942962895851041,0.06635770341284418,0.8893856560326118,0.9470145133616862,-0.007053272153522509,1920,-21.43187493695791,21.38192885132504,1e-06
237,0.046068492217720435,0.023623604604497316,0.5333176385922573,0.7680737469480861,0.013934230642774435,1632,-31.014440038080966,-6.298757237376263,1e-06
238,0.08950162813772738,0.03707833522967121,0.7642507481246508,0.9057564308453028,0.008116676257607954,1920,19.457890510041143,-127.33117835291245,1e-06
239,0.026041342374386687,0.01596171565238707,0.38694504133902297,0.6924870994429564,0.008715493776660253,1488,-59.41602841493925,-295.1600548506305,1e-06
240,0.024405302885857284,0.01731933869890175,0.8180705457853613,0.9593520346982428,0.016528204426231242,1920,9.68098676776414,-1293.4015607212484,1e-06
241,0.019149445890079338,0.009988650347804651,0.5122620862624048,0.783708127033819,0.004155164449669731,1920,11.715883793074092,-143.95997673365034,1e-06
242,0.01067463938997758,0.008433222240076551,-76.86900345352856,0.2564050113397404,0.007609669833300359,768,524.4644697500362,-837.6782349754433,1e-06
243,0.03341956454631387,0.017648345579435915,0.2931212072565199,0.7987446138393177,0.011163329094433952,1728,61.547890666408655,-31.942792031841176,1e-06
244,0.039593967208155646,0.0235139793043696,0.5686114906027544,0.7850168643445186,0.01113935560193855,1824,-21.044217892337816,-246.67787859995718,1e-06
245,0.03567535409284055,0.01991373556062778,0.6914562477866548,0.8500409459711088,0.011203104749832467,1920,-26.545314318926792,-66.0765589459201,1e-06
246,0.34542605750086586,0.08309566197082556,0.685949855820478,0.8560878681069023,-0.03471508991885154,1920,-54.354941598748546,-37.18312232121619,1e-06
247,0.03437529560021529,0.014538581988260073,0.6251612120773962,0.9230252999836497,0.012701709997782019,1920,37.7879601019978,-64.72299026860415,1e-06
248,0.03932375060072924,0.0186526057792283,0.6787601000631792,0.8483600230801263,0.004633918136505599,1536,-44.1612087439501,14.744560953087465,1e-06
249,0.04041960324649372,0.021534089763493587,0.8942171160014457,0.9545568174923825,-0.01420427291886881,960,-10.100116166196361,20.801780927377628,1e-06
250,0.03524054839983513,0.01770522208286874,0.7458237217273529,0.8826127112236475,0.007723927773351498,1632,-44.55292798332755,-68.80094970800185,1e-06
251,0.10999009918283405,0.0430123182857642,0.8479534812642259,0.921953538424301,0.010927631478019369,1920,-9.212539272860061,-105.81795418601135,1e-06
252,0.039424959986001464,0.014355601344141178,0.4327290171199658,0.6915224016720314,0.0053223048656946045,1920,-14.633391908222652,-431.3205301981583,1e-06
253,0.04178812200688655,0.023071899632329817,0.7538035480241188,0.8718761942769735,0.005896265532903592,1632,-10.279425774850434,61.47155884286919,1e-06
254,0.10544613406451946,0.029210324492755478,0.4966090666130074,0.7319430734125606,0.005336753002730052,1824,-46.6541490987644,-64.7561538412854,1e-06
255,0.03394262942682155,0.016655651101609693,0.7952467719305051,0.905608906357221,0.005992663492603848,1920,10.558812941547362,-13.869627226257291,1e-06
256,0.013981068078402614,0.009196241830891993,-0.5871306354259316,0.8565896688921969,0.00883412070691296,1104,125.98529568529901,-527.6244166833332,1e-06
257,0.03651900365554124,0.020274467988558316,0.6324688478060624,0.9051627065493675,0.017042203158923134,1632,52.42268945442483,-161.75723236417932,1e-06
258,0.08908411430790583,0.030572480119806112,0.7588186581842777,0.9071671690317064,-0.002865966367040841,1488,-36.78550111030293,-700.9060700438016,1e-06
259,0.034681351882085175,0.02193415303869794,0.8774174523285373,0.9568936249101849,0.014409581322494584,1920,2.9510108336982315,-1302.097219041796,1e-06
260,0.021428758360502776,0.015514399924844232,0.8573185659976452,0.9468189811532944,0.011171538550721985,1536,-15.820524398342725,-18.245610827639855,1e-06
261,0.05771160853944729,0.026782454985568263,0.3822470623092391,0.6255302154699958,0.0029346048090077353,1632,-50.022252131295865,-3.1415360282722493,1e-06
262,0.03766397142737784,0.01527145073690393,0.7442874250463966,0.8997831297517587,0.006013025346407163,1776,-42.035125061291915,-2775.50948809719,1e-06
263,0.05576736064220572,0.02619988979470515,0.6713950761267593,0.8483313546268938,0.011697070305041978,1824,3.6117893706217723,-10.874374586411111,1e-06
264,0.04936874934885353,0.02744458020832907,0.622335820549401,0.8027626298604843,0.011146318711366298,720,-38.55359006626315,,1e-06
265,0.05907708655358448,0.024870612904002578,0.6543812102361746,0.8161652953645392,0.002844131484744139,1920,-2.039708684272327,29.756338347722373,1e-06
266,0.07036493319906618,0.030579592615686123,0.8263852821337687,0.9377808888012191,0.01201923479505543,1920,17.073464104510002,-228.96481270056591,1e-06
267,0.05337632044840474,0.022924577204139495,0.5551594999640321,0.7533097396278048,0.008147029480763497,1920,-28.025772982223835,-720.4854549744009,1e-06
268,0.1864131682340669,0.043672949164101735,0.33167551638399195,0.7035199968193561,-0.016760777533515164,1920,-70.37585331248033,-93.144957212553,1e-06
269,0.011709283228752575,0.00928776315378768,-11.047781931332757,0.5712467427411004,0.008978378591391015,1344,110.76327395590755,-538.7748682725243,1e-06
270,0.08988916838673279,0.03540465279996473,0.8409776525955434,0.9190049739679275,0.007841217255433245,1920,-9.36656655646429,-143.62399008550472,1e-06
271,0.02298053863543382,0.015435067012362738,0.7301658408769501,0.9273930056686961,0.01198036014076999,1776,12.454727895892328,-820.1379406928672,1e-06
272,0.019113241688746646,0.012846846338441102,-0.2816916806620071,0.83577022945909,0.011871638065044824,1872,59.07473599083818,-48.51419770657198,1e-06
273,0.015369923779954489,0.010357929330452213,-0.8755342926545082,0.7248979517497457,0.009848048778561254,1680,30.94092825572199,-380.9088422921552,1e-06
274,0.3631633191195464,0.08009639744268497,0.6418168290844943,0.8210598659716468,-0.04486777469719527,1920,-39.22104607593247,-219.96834842173715,1e-06
275,0.028114787453353166,0.013777423382636773,-0.16035831221606567,0.4377151781910207,0.009173342081010106,1920,-18.28988042300781,-183.0572912510885,1e-06
276,0.07066194833015509,0.04099400837420144,0.9004974353728697,0.9494329415576885,0.0007895139706695182,1872,-0.4663224099780779,6.735942520464582,1e-06
277,0.02483338407361178,0.016545117379367487,0.6174133790014623,0.8122044528787759,0.007954499439498856,1920,-20.93499330295612,37.10426562180118,1e-06
278,0.039206547740619165,0.02258861545318117,0.9250407948697629,0.9682402926441019,0.008587436408076125,1920,-10.704059610746965,-16.559366776639006,1e-06
279,0.03468833154223916,0.017452642101881223,0.2636174052224747,0.552546174821822,0.006092234950069813,1632,-33.88364553429541,-60.02853848102553,1e-06
280,0.025495468756422675,0.009162662064803347,0.6846797795021864,0.8510047662559292,0.005383459877369508,1920,-28.95262144182879,,1e-06
281,0.11482903068089205,0.06468346556370011,0.6909703994804087,0.8438941873975465,-0.027585502007466733,1872,-24.85700795967419,27.59221766894648,1e-06
282,0.055703472504077915,0.015912803598136332,0.217219556317774,0.4676257838156241,0.0018845456425980148,1728,-53.618488045177465,-42.59462357217711,1e-06
283,0.1741946566996485,0.06944347599564935,0.8628498484704659,0.9349045665741221,0.006795822571196671,1920,-1.1459384869789933,-202.868465209256,1e-06
284,0.08692207212541507,0.02517027994242788,-15.005218309466937,0.265558695914102,0.02228259348595185,1920,361.12170036009195,,1e-06
285,0.044505298337028584,0.018781490121016344,-1.2598303184824142,0.36130294233574806,0.013823538525908237,1824,41.682565739187105,-29.40523792934326,1e-06
286,0.04345285210859899,0.023490722992210066,0.6900689789505505,0.8610370506398045,0.012308897282370406,1920,10.385776938055335,11.46765653980729,1e-06
287,0.057424854563079664,0.022789607547386747,0.277690828026966,0.549820915584784,0.010335427484550696,1872,-44.9846864945482,-76.25996994682933,1e-06
288,0.08081011173890086,0.025228305897305365,0.05120341781687776,0.25549576434838406,-0.0017512058016014482,1920,-87.88788207400837,55.10977546517691,1e-06
289,0.049638026218343984,0.015030002575105996,0.6760992810904203,0.8611184784698293,0.008017792754055965,1872,4.987928472312141,-217.90872858317377,1e-06
290,0.15381758838563953,0.06525028732139618,0.7000053024222191,0.8372487998163761,-0.005952449360241492,1920,-26.265782723608012,-31.183410632733924,1e-06
291,0.06735800489957915,0.02977725883004799,0.29853982737546914,0.5825525902137342,0.016055273746314925,1920,-60.75223016447954,-6.2293984703522645,1e-06
292,0.02689701133746499,0.017527927993935356,0.7239073290948581,0.912606914656141,0.012812471968659554,1680,22.894870753631427,-36.61889707267377,1e-06
293,0.08095256237741014,0.03675210136130079,0.3040739401649597,0.55826241858907,-0.0017450988352720742,1344,-44.04559876683012,-40.286350741284345,1e-06
294,0.22203026889546107,0.07445325277876691,0.7745999820781524,0.8825048685680759,0.009087030856123116,1920,-8.013549385491837,18.48515613646174,1e-06
295,0.03634432352956384,0.021271385404315418,0.8342555214043497,0.9777320644773442,-0.01802091731679875,1584,-30.2708186491765,24.82804528707435,1e-06
296,0.06840075592004158,0.017756246654607823,0.2904639506324924,0.5574002104366006,0.0012395932814494397,1440,-63.67069271199366,-1031.0012108879341,1e-06
297,0.010855020516258019,0.008036140294279903,0.19915198220982522,0.7854530352721286,0.006546163007442374,1920,4.564325185731001,-152.76729540848547,1e-06
298,0.08482626927143133,0.02855017101021961,0.2711180978879919,0.5407000034594431,-0.003655498100031125,1776,-65.17823148570913,3.7006189053564937,1e-06
299,0.036095986712442185,0.018486582939872546,0.41121056210048945,0.6815709152076967,0.010591642588563035,1632,-34.187735484200296,-685.2236289818062,1e-06
300,0.09487351764381706,0.028089452243875712,0.3719432519642938,0.6100835088122084,0.0014941228388731058,1920,-42.21322760420871,-363.3404172400823,1e-06
301,0.00963119995151607,0.007922763554455361,-18093.14090848515,-0.117271847018475,0.007694275253054358,1680,7592.600021152713,-992770.5680493193,1e-06
302,0.030849259776760316,0.01821696426353204,0.14576370815698603,0.731250929894331,0.014737391910587878,1920,21.834267129347054,-427.2956653665395,1e-06
303,0.037399065888178394,0.02322253981886509,0.6201014466777189,0.8381230252423914,0.013341550610978933,1920,-7.63108253933424,-94.38948925576078,1e-06
304,0.029383280897249644,0.01784900521372699,0.5094337082269135,0.8761406252901891,0.013966841231020299,1584,28.476404881993243,-2.4876423469203575,1e-06
305,0.025540458632110744,0.016945048220039,0.7460413673594939,0.895805529823717,0.01044737219937113,1824,10.452396879796362,-79.74065351333722,1e-06
306,0.016484431412051213,0.01136251359801261,0.8974949515932428,0.9769251845844568,-0.0013533538177499496,1152,-30.39641299768591,-388.939811031444,1e-06
307,0.06557497762968945,0.02240154993990776,0.6450980869247752,0.8199992919466075,0.0036269766336166263,1920,-33.01397268239226,-1075.5615484038906,1e-06
308,0.035236362073460425,0.022553094910472284,0.8159594459927673,0.9169295440612544,0.012235233528554091,1920,-16.5251880061497,-79.79155254207771,1e-06
309,0.05847380401387475,0.03254547736177108,0.6729976894380247,0.8264125658941776,0.008286930647128347,1584,-5.459759585588695,-2.571655087695822,1e-06
310,0.02216033140119462,0.01364820608626663,0.9458366154167136,0.9725580057746886,0.00024193070372954633,1920,2.4267352099652864,-85.62886795611435,1e-06
311,0.03252945108011986,0.016958666995564545,-0.02263762364265709,0.522074716889955,0.012477239886310042,1488,-27.999911198828904,-2528.536571307448,1e-06
312,0.008938815116857086,0.005952800019793986,-38.0348275395744,0.47979360750040057,0.005337558955710349,1680,267.1237628103299,,1e-06
313,0.05147207687710122,0.027860157086134648,0.7322815104696345,0.8604120274090706,0.0007537341151218762,1488,-19.492852079448117,-33.70654815042,1e-06
314,0.05077190831988506,0.024517676562990184,0.551022334878801,0.7468171831849013,0.004995095502047608,1632,-32.938120949164706,-1200.3145622585143,1e-06
315,0.18125774300817452,0.0559579068023595,0.2598632227229647,0.6903186719736382,0.01675269462624177,1920,6.289303298407112,-55.2377122232202,1e-06
316,0.06965739549236244,0.035288717303546054,0.4516360395365707,0.8635477221604554,0.01957882813653936,1632,49.231179185692646,-31.693250191099107,1e-06
317,0.14037239201472473,0.0460636388208415,-0.7532261267081823,0.4734688902715126,0.015256107463354564,1776,61.09788858314755,-110.04925035631423,1e-06
318,0.019831913006817286,0.013146061232657217,0.9038291372238827,0.9717827574233109,0.009543597829871856,1680,8.3359178938546,-88.28263837008679,1e-06
319,0.045540806520034866,0.01871320973180282,0.9380975584254723,0.9812641529343642,-0.00976132571649475,1248,-25.18843045057619,-57.01908337659922,1e-06
320,0.05961264860716903,0.02827082723827819,0.8381714593304019,0.9173104387708638,0.003746412707187119,1536,0.5491446637417758,-32.10717696502134,1e-06
321,0.28391015506123846,0.05679134063928882,0.14915915684573156,0.39253138833259255,-0.021578546530232386,1488,-60.12141319153677,-225.00205790974104,1e-06
322,0.022338974186224585,0.014004789031362937,0.8832900415689843,0.9643881556658375,0.008814674571234112,1920,-21.614339394667883,-80.81422613873863,1e-06
323,0.022619529345602275,0.013144252822292183,0.5723802758459205,0.9270879246839374,0.011365574620735449,1920,40.754474019658126,-41.22516082431117,1e-06
324,0.09243317973680035,0.027530291728369235,-0.31600512111310675,0.5084622205364924,0.017455595448996906,1728,39.92328552569783,-49.807614395457634,1e-06
325,0.027519978151438085,0.017548904026383146,0.5836564545782768,0.8498474227733851,0.010653583083270253,1920,39.07401037782111,-467.648311925676,1e-06
326,0.18344930127755868,0.05924332614674876,0.14345618186678266,0.44245499942852323,-0.03068116899798735,1344,-81.08496827482513,-37.443472119187845,1e-06
327,0.03517493237479991,0.02014762531379583,0.885034748396033,0.981937363708684,-0.014766769822870876,1296,-24.68300107821146,-78.7427180288002,1e-06
328,0.0522062406221972,0.02910301487542183,0.5528321501913547,0.747354111430801,0.003519612734556704,1296,-17.109736763155855,-51.171353219738585,1e-06
329,0.024358127612970796,0.01665421460570583,0.21990165390332927,0.735775407222037,0.012129792742229797,1776,-9.505557092113213,-531.2463954779266,1e-06
330,0.0906590770095129,0.030735996470496133,-0.033444559308797084,0.36175917011300657,0.0077057919908704075,1728,-27.809280620233203,-569.8096284462708,1e-06
331,0.018460026722696716,0.012787498386463876,0.05562573281413896,0.7913254852985518,0.010924068168984525,1920,55.769855420140495,-91.70474430439519,1e-06
332,0.061334627033841155,0.026636791380572806,0.6324012812961806,0.8218573398015533,0.0055473565497929185,1536,23.255113263062363,-1042.2634170045014,1e-06
333,0.011881952921939967,0.007524262362831332,0.9594576206820239,0.9824201899366923,0.0029688601785488166,1728,-3.8859632862248934,-228.00918576031404,1e-06
334,0.010207836273986349,0.006879585824693398,0.9418286173893868,0.9743756139540762,0.0025004747231529715,1920,-2.882131443109923,-105.43587167487325,1e-06
335,0.08391536348908844,0.033185279937692595,0.32773565815729855,0.5883691644362217,0.004545775827199411,1488,-25.043046612046595,-985.5543320389575,1e-06
336,0.019176210067763756,0.013232649776723403,0.7551363325034813,0.921646388794056,0.011499395642134074,1248,2.382973422259151,-599.6622962147096,1e-06
337,0.022893771189465794,0.012407691861396113,0.4188109822917758,0.8838971417789402,0.01161694670469539,1920,16.16026333699023,-1175.3549234424854,1e-06
338,0.09541112458813174,0.031107474054442717,0.45939304223235033,0.679130232406671,0.0018584086861838365,1680,-36.52732664249328,-1151.1598606197726,1e-06
339,0.040436639533444146,0.026623287745586813,0.7374215973017291,0.8748049650030904,0.013016850457084601,1584,-3.8911527038360436,-46.183286745585406,1e-06
340,0.03390556903305213,0.019978815663075782,0.703374029606529,0.8645509772754024,0.012027311737648571,1632,0.6684341706694806,-56.57134527998596,1e-06
341,0.0134139267338871,0.009818484314322026,-5.54820046108263,0.3629510616776401,0.008955859153077957,1920,110.2947768261725,-1032.0204342202094,1e-06
342,0.040515732190831086,0.020886504750544394,0.5570781670599492,0.8029214525622128,-8.171470269897125e-05,1440,-45.90502420270229,-557.1361141594422,1e-06
343,0.009980059205667965,0.0067197346458366764,0.972142007534145,0.9925431331179729,0.0008859988376178651,1632,-12.822551540477319,-217.23336717756246,1e-06
344,0.036072995306388154,0.022048297405737327,0.4734765524073723,0.8249651434880996,0.01567195692634279,1296,-4.73321276016749,-51.045401342362524,1e-06
345,0.1256853556997626,0.03783467869213489,0.5763492537337338,0.7638119941762804,-0.002194900173161112,1776,-20.75193201340199,-99.39387042591677,1e-06
346,0.018502409561228412,0.0135473848111607,0.9575489490137425,0.9870998845121413,0.011280737855104458,1296,-0.07856010982825062,-118.17414321059672,1e-06
347,0.09575261955455745,0.04580716852797195,0.9158646432850978,0.9574210955189828,0.006603355375265384,1776,-6.793126179861533,23.62614282296201,1e-06
348,0.035476899286913055,0.021324427371412942,0.4955521234055258,0.72647157189466,0.008952687128112303,1920,-25.857830660251643,-67.9319861816086,1e-06
349,0.1489498671601475,0.030543923201654857,0.3309360679016766,0.645672471393874,-0.010162408663275831,1920,-68.23203508606638,18.346320475139724,1e-06
350,0.04391346844039519,0.0263084420391048,-0.0018226242841619111,0.6807681678861803,0.015120769321934827,1824,21.866497545992658,-51.990029184594455,1e-06
351,0.019045452528724513,0.011772681685472026,0.7186140276193704,0.8553031763493048,0.003953005471162331,1248,1.8958485255234925,-49.949414928174164,1e-06
352,0.042558721396678004,0.022578226815676318,-0.06031942984738947,0.7783775822590824,0.0180697667343165,1680,61.20803956740007,-448.616810041504,1e-06
353,0.007836939988825623,0.005882374946208181,-1.0838438868260627,0.7755843926002548,0.0055102830490474895,1632,89.22641733243029,-1679.831587864517,1e-06
354,0.07555598124071629,0.030428248004015283,0.7226213524224943,0.9457772774864115,0.027359148753688108,1920,38.129356388590516,-156.9766577289063,1e-06
355,0.04372873851074322,0.028247560368935155,0.7467760512842572,0.9797944388074287,0.02753505023202185,1872,30.239992761568022,-296.91168378596296,1e-06
356,0.027082213886215404,0.012802549605567037,0.8038207730736978,0.9084838762492967,0.002939197103569313,1920,-35.12327335700313,-659.2941099848966,1e-06
357,0.006513226322334765,0.0048341014820124425,-355.65997415645603,-0.025862468753496463,0.004034441897075188,1920,1157.6033727662734,,1e-06
358,0.01472454917061744,0.006810727363820964,0.877611288038646,0.9593573043155195,0.005502868831778566,1920,11.715806949914533,-177.80085314358055,1e-06
359,0.04125272520034276,0.017891271238477204,0.07229836255121236,0.62181244741105,0.005606260594746951,1920,22.39562029960133,12.63032114790773,1e-06
360,0.010313220399160999,0.007360627644541159,-0.4214192199248834,0.3334241975455066,0.005771612754053853,1920,-49.295123560279094,,1e-06
361,0.03879734494771618,0.02075898552485948,0.7066325801882904,0.8539825142399977,0.010775298026980332,1536,-20.65749873186235,-758.5312189087883,1e-06
362,0.012833727398150772,0.009382978575830063,0.9528677198060673,0.9791441626688216,0.004476828103769661,1824,3.2222164242347175,-116.27152724630409,1e-06
363,0.011983883561958683,0.008953056253128958,-2.9723525108590265,0.7462175859853452,0.008626531098040383,1536,105.13166645897341,-240.69420572014647,1e-06
364,0.07163124499474371,0.02625930814538151,0.37430470389297477,0.612461421188605,0.0001213055569678545,1920,-54.7517001439784,-119.3359168449329,1e-06
365,0.05837914360276248,0.024928440085962695,0.35062163386121825,0.6290936574303113,0.006553894508670055,1920,-17.799217242061353,-679.6395545156779,1e-06
366,0.02993743674009573,0.01783532489592771,0.7477417964817117,0.8876932183173539,0.010674157039366215,1632,-13.320678133801202,-28.161038678579903,1e-06
367,0.02979526427297183,0.01716978806103321,0.5802808511330559,0.7897126643632643,0.009271783499301548,1728,-20.12074826963748,-18.519547061519912,1e-06
368,0.03768702774900496,0.012126022220046195,-8.518111526633072,0.7618095861975704,0.012061285934921765,1920,408.534814984515,-120.65945606734168,1e-06
369,0.0045151440128101085,0.003776948681724125,-41870.16240440126,0.2988306055583031,0.003182362976282058,1248,9414.841937839163,-812.4745954124755,1e-06
370,0.03653372182897713,0.01849986232084575,0.14551627678889967,0.6443514744583028,0.01049311452298601,1920,21.170296791471824,-292.4104589923768,1e-06
371,0.2902241778739885,0.047655663028783636,0.041710163696534686,0.4436200117139485,-0.02598276664728252,1872,-95.11625205053728,-168.62388925233043,1e-06
372,0.026946640414781845,0.01655943086183059,0.6628792405737876,0.874520001487756,0.012553508748345437,1488,1.6613362475916225,-49.11338112122122,1e-06
373,0.14177549907631354,0.043026226806908936,0.1803830840946795,0.4285769968684823,-0.003675640083660948,1680,-72.6119430265239,-92.27322503688154,1e-06
374,0.036124032792107706,0.023736297915456818,0.5221920195783814,0.8161922014155557,0.01610678987732778,1920,-7.826904923005055,-87.89253048749798,1e-06
375,0.10295829283069285,0.044290766914937274,0.3212948805877741,0.6527414226996225,0.0016759808410194007,1776,8.388691563211324,-267.03286813511085,1e-06
376,0.03237603278971524,0.018920372792652213,0.17041002850891995,0.6041805251546768,0.013211901042975822,1440,-39.992407100277845,-857.9412243849563,1e-06
377,0.01604673416642561,0.011113449384390605,-17391.032345232474,0.10167173958318121,0.010935920069857729,1920,9527.810666209318,,1e-06
378,0.010972964687361818,0.0093362450685102,-2919.343516805895,0.11041359390109465,0.009233966581968475,768,2844.858036018076,,1e-06
379,0.01109058783515258,0.008779373024951602,0.70553414048517,0.8758544684370452,0.004960872601227963,1392,-15.863346269975553,-147.03880737080866,1e-06
380,0.009740098635781423,0.008412875251334146,-260.3442407773779,0.2248974980698145,0.008352039376696515,1920,748.1262988548867,-967.1117080936697,1e-06
381,0.0703465408614409,0.02448200552275921,-0.004412317133989596,0.21467435640701035,0.009644410076195225,1920,-61.53207358115588,-476.1672042753239,1e-06
382,0.03398333605090311,0.01914530839463325,-0.10510491539045264,0.47044104330340475,0.011889420661674116,1488,-14.493193856193916,-82.81177794455377,1e-06
383,0.03164079718221869,0.02056719036867165,0.5439535276982128,0.8581106962189838,0.015115750776641545,1728,17.06353264870632,-46.16490135034952,1e-06
384,0.059070108029508295,0.024853743302082877,0.2688543997498901,0.5342276304954457,0.0053087612825038375,1920,-44.24241780403471,-40.53224742965152,1e-06
385,0.017080160313059613,0.011041044308512937,0.9340633693079912,0.9837211600374343,-0.0014375612990988884,1536,-15.823736655672986,-66.3089654597644,1e-06
386,0.027507842789942314,0.014906277679873518,0.8915803033311129,0.9665696115921624,-0.009630566701878595,1056,-11.13267006384769,-182.7901726632406,1e-06
387,0.02004908069959851,0.010185781906236513,0.692606331080938,0.8514996818722513,0.00045225478056519746,1248,-29.916847246479858,-185.026756379806,1e-06
388,0.1210819518243569,0.056290738747581295,0.8500767898631485,0.9470178425947192,0.03391982332226083,1920,1.3506049967984328,-74.80156492930367,1e-06
389,0.028342894501163295,0.012359168215030802,0.9227150740221308,0.9663791058091626,0.0022330467671047255,1920,-9.495986253978627,,1e-06
390,0.02150413996694552,0.015259177465990294,0.23473555973930427,0.7990203033258324,0.013017881391448084,1872,18.24233202284837,-722.6392594610187,1e-06
391,0.021686799376991864,0.012910287688767615,0.8252532248542712,0.928094754226227,0.007736776948877378,1920,6.892505252911617,-903.3588693605896,1e-06
392,0.039468247351711505,0.020379552111585833,0.6037193725148335,0.7951206293430617,0.008860154526168245,1584,-13.844338702634913,-84.85168060011145,1e-06
393,0.05620518481218541,0.02504837396078247,0.305359321963961,0.8621410086139868,0.020261464960640296,1344,50.42517705444521,-859.8250518867675,1e-06
394,0.024832704763983922,0.014129586772199857,0.9685867961076949,0.992341193377175,-0.005162385667467283,1728,-7.875702292763853,-1.714801090802347,1e-06
395,0.029834355493532864,0.017644227193280435,0.6290559583607966,0.8505447373072261,0.010567227398860268,1920,5.414538678646536,-254.21980672244734,1e-06
396,0.07603840701905405,0.02740180025199758,0.8625846337211069,0.9557497159283602,-0.0035311909129328947,1920,-22.477009915285592,-23.691641956849836,1e-06
397,0.016496359096158555,0.01202545769262576,-0.43746962129488365,0.659981250923382,0.009741383915146192,1728,21.332510469942303,-225.90482339012542,1e-06
398,0.016157348302567955,0.010836564517468965,-1.2947629272309857,0.8474641723931248,0.010526059864403066,1632,58.06816043387861,-330.31733179749307,1e-06
399,0.019781389228214524,0.014803413411815807,0.936944489429703,0.9779377943619227,0.010868644597455084,1920,8.44639611070935,-654.2799633770244,1e-06
400,0.04990431806069482,0.02122788419170926,0.7552228843342212,0.8778684148824958,0.012203159070728968,1920,-1.3546985845078623,-364.23386810102596,1e-06
401,0.3859673912082217,0.07747289354068698,0.24931047517374527,0.6896313516741931,-0.04700221837037833,1728,-75.69091976021345,-272.5430927524161,1e-06
402,0.0524724799703071,0.023327967153606247,0.2082984118069855,0.58305182999063,0.009463774550295057,1920,-9.216067241380808,-5.4383434610165615,1e-06
403,0.03193290350722509,0.019440618749892263,0.029485515872480494,0.4992472404954713,0.010374077888021324,1536,-17.922664986063257,-1463.6370554273187,1e-06
404,0.008184352614085278,0.005854379137417709,-543.0280981828447,-0.016086065519134597,0.005684710025828584,1920,1299.4734655314414,,1e-06
405,0.019492119562613694,0.014719508968119044,0.6626956421395833,0.912528680772796,0.012784464564659478,1920,1.6702855644157686,-255.36625772473533,1e-06
406,0.02663809521657631,0.012562639630770171,0.9348140369573258,0.972222817533701,0.004555126776047531,1488,1.5601541659804523,-98.5069853289281,1e-06
407,0.01667234990987531,0.011166471375704364,0.8919638132219496,0.9785604849270534,-0.006798667314370381,1296,-18.706214962551165,-32.581206380813434,1e-06
408,0.01120433209149543,0.008900226824046816,-10.604368219021357,0.25644416084418165,0.008490549805310365,1920,112.71073300520614,-737.3849330513731,1e-06
409,0.020470959617552287,0.013069352549033594,-1.02826069710679,0.840057234555933,0.011872601172308055,1920,114.13158330865726,-24.373307235937673,1e-06
410,0.01230572020333861,0.00857458274372589,-0.6759238351597663,0.5162622585416033,0.007271940333544285,1776,0.9269080337956891,-1024.4536499305837,1e-06
411,0.03857719501337129,0.015580516628566935,0.38592249166701753,0.653341566014959,0.0068893281052927096,1920,-16.730950459063575,-171.71697472760508,1e-06
412,0.2100931585282639,0.05697108245015746,0.34138017569093604,0.5900218129340105,-0.0108183753707029,1920,-57.101037433043786,-143.4035655458792,1e-06
413,0.03656596481405129,0.020397055111836246,0.8914525367082242,0.9507221329543729,0.010685354246550245,1296,-7.240192315148231,-14.274933824121781,1e-06
414,0.23316266101142494,0.06283435083649114,0.41737463277532416,0.6757149114712222,0.002190364488404499,1872,-14.41286791936238,-2596.0365149911336,1e-06
415,0.016395317389675777,0.008912795208804407,0.22247941254561687,0.6390987474866959,0.00577226016921486,960,-4.342718174250969,-1043.161667372833,1e-06
416,0.009281345245757931,0.007253622734121261,0.7062502000278466,0.9208439934922199,0.00635909474476648,1536,-2.1974489092075413,-137.05081141771916,1e-06
417,0.02062355943978198,0.012370659841551623,0.9644969035376442,0.9851096759991889,0.0008971459679915348,1344,-10.860156233703034,-50.44385836210961,1e-06
418,0.03207381358155216,0.017919297498398615,0.7928649698042851,0.90051911020351,0.009411401080675811,1920,-16.249276504795173,-1469.321163372402,1e-06
419,0.027359683989524233,0.01519184686188893,-0.15841389357697122,0.5116123156313823,0.010862828221362695,1632,-19.889859521168702,-625.7072141153764,1e-06
420,0.023280926973731096,0.014758381644067486,0.7531922849328516,0.8853058253389612,0.0070810926288208745,1584,13.295908484539313,-27.447382143701898,1e-06
421,0.03030329758606505,0.017209238304540214,0.9512149338238226,0.9817133222246058,0.005615228410772603,1584,9.044073026687773,-255.59511893702984,1e-06
422,0.2547452998000746,0.06633191758495134,0.45963184446457317,0.7183496381649846,-0.007308618466292198,1920,-8.030359238781724,-32.72843284593747,1e-06
423,0.03325957518981182,0.01220029745697199,0.8926201868755603,0.9524793236023017,-0.005473257827300889,1920,-19.40843663212861,30.844353276312262,1e-06
424,0.011228259645208126,0.008024761386589791,-1.5214393130183996,0.25866503718666234,0.006842345502430665,1920,-9.050955806234027,-996.4216615004689,1e-06
425,0.0063588115592664776,0.004440430641376511,0.21548444760684893,0.8002104443188617,0.0039259047924516425,1824,15.85881459766535,-487.33496931515185,1e-06
426,0.11873523294515093,0.04427525588738111,0.8484388205657157,0.9258777398255525,-0.01839129677779662,1920,-7.620267659947543,-7.022346257697607,1e-06
427,0.18874099906963887,0.05916177784626295,0.7481011834335716,0.865681274456478,-0.01355620305451642,1920,-12.151792608577324,-120.75765539776467,1e-06
428,0.09470370410224609,0.025941236982403137,0.2127014320677395,0.46238406173826385,-0.0031234556006745915,1776,-57.85873708961745,41.42041390033272,1e-06
429,0.017278456895841038,0.01262702480252719,-2.3509212847344223,0.7241343621799874,0.012497336754857495,1776,73.2968082554633,-5963.853663846246,1e-06
430,0.02975125136517383,0.014781556294436973,0.9169091523380914,0.9818050361647493,-0.011345973931617128,1248,-23.328540176745964,-0.2491594775207374,1e-06
431,0.03726410072329464,0.018384450065847584,0.4651428175621689,0.6901011448543312,0.00482861559291147,1920,-39.24264444692675,-457.95407082427744,1e-06
432,0.03035935086121408,0.01762124156812206,0.12006875385451621,0.6414221568074885,0.01095639683234577,1872,0.12388687965187876,-115.41613267565373,1e-06
433,0.04712979273472252,0.017470130776537092,-0.22402193653681057,0.7869527222924484,0.014403250249464476,1488,84.76679143433607,-611.2570050395956,1e-06
434,0.010992135069366162,0.009018881920955782,-1.3442378607458467,0.6730081218660544,0.00842715608343025,1296,20.516001285306285,-3739.8195793266655,1e-06
435,0.06296722584899912,0.022915757235716143,0.13998079284964227,0.47824097614523187,0.00935631233067917,1680,-40.76187591681606,-324.7339803393644,1e-06
436,0.008469360584686772,0.006527736249053204,-2.5773863492830955,0.6762147167867835,0.006273915768327209,1296,62.887856211256455,-664.1139747776785,1e-06
437,0.11579604362582153,0.039791172838158674,0.6420254580224614,0.8360152112387255,-0.016728411629169604,1680,-38.22919905297308,-409.3982272242718,1e-06
438,0.05196563546352291,0.017284599970820397,0.8792235707779945,0.9478403879619965,0.003543344242092589,1584,16.281404895401742,-2556.458400173763,1e-06
439,0.07340186180368226,0.03328104678646424,0.49478451472047336,0.9084532211879113,0.024983124531561273,1632,36.10266795058031,-874.1894993848397,1e-06
440,0.01094300937499669,0.00824080527102827,-1.1060056751751475,0.4028951989522736,0.007186117382007069,1200,-2.1564192620944858,-224.47260767553263,1e-06
441,0.03687414733663188,0.02058619365796936,0.9039759913970932,0.9553239388813342,0.003321982429814384,1584,-19.418312588491993,-44.41053683618946,1e-06
442,0.029792805518533236,0.015109730253067439,-3.404431651184894,0.4862370768290547,0.012759254752284026,1488,116.89720792629058,-2030.96064915347,1e-06
443,0.027594968814772237,0.016265566380752716,0.667674075947035,0.838898529602315,0.007015197868895484,1920,-40.77592530019913,-314.5664907849222,1e-06
444,0.021899117636766562,0.013403162018905401,0.23355864933180925,0.6315898923900088,0.008298904338003829,1872,-29.189426049725384,-25.403920096595215,1e-06
445,0.02948535985284552,0.01901717246316063,-3.701420038066564,0.544709988995257,0.016632325782362994,1536,82.11051925564713,-334.8758275955255,1e-06
446,0.03383284742907784,0.016770449256243106,0.8542590608488969,0.932857100914808,0.005752746644672394,1920,-13.99607606809674,-289.6470223438426,1e-06
447,0.04693157027083819,0.02225819711370773,0.22165858095625046,0.53646861123911,0.006670335640794494,1728,-36.19187671701461,10.61986210607183,1e-06
448,0.057687733924659736,0.019584339730214447,0.43092612719319723,0.6589719435211768,-0.0008753989017100585,1632,-50.58670754185897,-5.161424360209686,1e-06
449,0.02483133961075749,0.014609546948908425,0.8393696676624138,0.9815726137726114,-0.010300212562009463,1296,-31.288130595401917,-100.0096305266852,1e-06
450,0.27694395663615146,0.04920123748575331,0.02524181062999098,0.18105813461828055,-0.023562834032641908,1920,-86.67269413036252,-70.72661420420216,1e-06
451,0.08322693011783501,0.03200232279875005,0.5417187469735378,0.7384454170648764,0.00331890353942678,1920,-9.751132416972137,-72.11716162305635,1e-06
452,0.048945662267556964,0.017409692087312578,-0.450013865815879,0.8762841624968327,0.01497006737954507,1920,128.5127941862449,-3823.246006502843,1e-06
453,0.058151925538556255,0.02803493669681403,0.5580088111483451,0.7711340959495456,0.01627242576988566,1728,-36.82073853689879,-354.3056559662987,1e-06
454,0.09911659332242832,0.038619442128644245,0.9126818778404208,0.9696217489723112,0.016136163328337717,1920,7.3508019836940806,-98.55935608983867,1e-06
455,0.03268273834293827,0.020311109392794065,0.5938969056339609,0.7828449308243323,0.005552394040629831,1728,-19.206683523285797,21.032546255971297,1e-06
456,0.015367950719480588,0.011816087174399475,0.29233538362419054,0.9040267072039926,0.0109769501370954,1200,26.29734113754314,-48.90674633091059,1e-06
457,0.02777048673029479,0.016429322173644324,-0.03608866716027115,0.8330731457503351,0.014848351598872492,1920,34.408074924010045,-312.83968771842365,1e-06
458,0.03184138692234707,0.019842563263539757,-0.07148868794389873,0.8366589676154047,0.01828645883305442,1680,63.90341887667802,-234.70640392298566,1e-06
459,0.00916535945008632,0.007439566742247431,0.9391999324856098,0.9780379235608355,0.004870981052393594,1920,-0.695426646955012,-675.8493177809627,1e-06
460,0.028221243847395546,0.017842045967656855,0.17398467807969709,0.6193431228090084,0.011634150530807593,1536,-19.962831610274563,-90.59651648145115,1e-06
461,0.026960132680135286,0.01618598329661308,0.8867916523628776,0.9503856496244647,0.002980519981730012,1920,-13.908080749719241,-33.13628648696347,1e-06
462,0.01937131256030121,0.01327577108491419,0.20815321045563673,0.7751158781200771,0.009971182794302761,1008,20.62947863386107,-351.01695590456586,1e-06
463,0.07322227871972098,0.0304375824837027,0.8246055115230204,0.9610001085863024,-0.029132570263755042,1152,-35.335240068345215,-382.78021392146906,1e-06
464,0.02216895590177731,0.014922342535906604,0.9513617939324548,0.9832067762004046,0.012252624006941914,1680,-2.798347436368989,14.529790600953637,1e-06
465,0.055906471241624074,0.02820425549756863,-0.034134145236903723,0.7557922124426435,0.022242507305290773,1872,31.038067139981425,-170.5165751951191,1e-06
466,0.1071928956547426,0.028351236280817222,0.18388342735041663,0.42958909770187154,-0.0026597880740913144,1920,-59.29092191187866,-494.7209988208047,1e-06
467,0.064500899853459,0.027020979253983682,0.12928860107102147,0.5963349168231017,0.011267137391035232,1824,-12.424424668217771,-4956.5783987134455,1e-06
468,0.01780675255758016,0.010893655771637848,-6.615372367706109,0.266216574060932,0.009860784856577947,1920,203.44054005903553,-34.215423133783354,1e-06
469,0.06466303930787559,0.029625173854803892,0.36550026099211286,0.6085431028338749,0.005015601995789136,1584,-39.51800596132642,-67.15725051024991,1e-06
470,0.015216606969670188,0.008139331193353213,0.8649991582385661,0.9710027833548575,-0.0026253064193845015,1632,-36.304028075114715,-48.51538498482326,1e-06
471,0.04689632545117291,0.024909274453862703,0.6059096705286964,0.8137420320404884,0.008768940775466728,1680,0.39549985638838636,13.311093147322454,1e-06
472,0.03719490391846163,0.019418607073462088,0.5298205991836672,0.7586524794038716,0.010778670352377995,1584,-21.752909651378005,-85.82034364976253,1e-06
473,0.13303457056326787,0.07131603823994132,0.7382968063119657,0.9437009260996093,-0.06068345450233513,960,-35.615490284102464,-72.4074202432428,1e-06
474,0.04798088363614582,0.016844226681678266,-0.04909532927540794,0.06199128617281453,0.0006623842039213438,1920,-73.34455295610067,-886.6351470302668,1e-06
475,0.07176363110295068,0.02627860205360743,0.6578132079991289,0.812720848347625,0.006346227362964864,1776,-20.075247163420922,-83.85790341256457,1e-06
476,0.027586564729751253,0.015471204960461667,0.833319738982346,0.9618469236901422,0.014509539007728259,1920,10.951498561112244,-147.08450891666408,1e-06
477,0.02640206921129987,0.019458783340148025,0.6063431854343624,0.8291460026296198,0.011842822822715485,1920,-24.21483078187884,-85.69625178415764,1e-06
478,0.0473826208639149,0.027735476942138914,0.8004141943014518,0.9025330969019575,0.011116673250888618,1248,-11.695094086063293,32.892634271128316,1e-06
479,0.0264805941163247,0.017021847902894176,0.7920034842732638,0.8991460997941398,0.007407856596303949,1920,-7.780332688524164,-8.767049969173877,1e-06
480,0.21596007354157346,0.08505459849062996,0.8349972975560085,0.9138692468560352,0.005569882339720304,1920,-3.9506334265309415,-4.783586897051649,1e-06
481,0.11859439525045729,0.031621181259636914,0.016068703044977428,0.1539507713570811,-0.009101882124908419,1920,-91.49316465210323,-911.4936087525944,1e-06
482,0.027956254880275526,0.016636472536235184,0.5059170334308154,0.8238433477346206,0.012213292316634277,1920,3.34099990790995,8.25574059565591,1e-06
483,0.03556423762372327,0.017389008311147335,0.8265297581638488,0.9750736602584033,-0.014753718399151693,1920,-34.63078965904399,-18.10399189433308,1e-06
484,0.4334628751473093,0.07852902173466039,0.2582593037548352,0.5577232862686146,-0.021259998432227197,1920,-76.41126033434236,-58.650847831405734,1e-06
485,0.042787308898367266,0.02635394669355303,0.7843925933887209,0.8953738658570713,0.0006529314600928233,1872,-32.12221737376085,13.288828382623795,1e-06
486,0.030275087686687886,0.019209720043788063,0.7152899112540643,0.9261794309087303,0.016079210379211874,1920,16.491911542132407,-915.2137026013212,1e-06
487,0.07635829855467256,0.03080276558605311,0.4587543875799145,0.6796908713047133,0.0002974466086708985,1680,-42.878150471371725,-480.43670856793267,1e-06
488,0.028036013595530665,0.01682216249090353,0.7936437804904062,0.9298790851601354,0.012537325766503012,1680,10.199947219978903,-47.66763558729786,1e-06
489,0.2881083705756769,0.08178612251649611,-0.12320617215311702,0.42109993946047025,0.009945928959253555,1920,-8.164651703063214,-75.48628549227173,1e-06
490,0.03846228445541258,0.01879576371820625,0.4575053297372724,0.6807941370803827,0.0016593476717460755,1632,-35.917197378168666,-3586.294747928738,1e-06
491,0.04839893368768805,0.02035888470427674,0.8572548926943043,0.9391204652794054,-0.011170166745213591,1488,-22.266864003572522,-114.8277305904632,1e-06
492,0.1634210771098413,0.046886992283361906,0.06269762687924707,0.28258739303688474,-0.01019949074464724,1920,-65.349925036781,-879.5566103496689,1e-06
493,0.0747612732214061,0.027391986415113933,0.10426641910740608,0.32486009335999005,0.0014937378685923855,1920,-71.21239186862046,-500.88427451221384,1e-06
494,0.022170231524956046,0.014912782275496283,0.8669186225236432,0.9647223917795089,0.011900922517088474,1920,16.8222532755044,-52.88889079666346,1e-06
495,0.06292820432226058,0.028974799147348792,0.8619659952068786,0.9691873826934855,-0.021129103569639106,1008,-17.5569990404388,-51.18620656399158,1e-06
496,0.020742215102163453,0.013774510727186377,0.5258015303876367,0.8782094213911062,0.01166403781251228,1680,18.506553308368886,-30.64040299883973,1e-06
497,0.01544228075506321,0.010338208425431124,0.6880657212569513,0.8902272002219065,0.006946092134603532,1920,16.17441458755177,-91.40121175693342,1e-06
498,0.14815845428046392,0.03275313661674015,0.198231407341804,0.46203013220417477,-0.017115454542446666,1920,-64.45266049864324,-166.35391327625655,1e-06
499,0.09242717682812183,0.030827466227007487,0.3600191379780867,0.8687223271376572,0.020864334650711195,1920,49.63014053742254,-315.38833277843173,1e-06
500,0.02644581316520774,0.018354872049746552,-0.14203953957715987,0.7263655163947095,0.014427241513557319,1728,13.213591084057047,-304.4833634228939,1e-06
501,0.10196325450362353,0.04451225639786571,0.850434946208187,0.9378486985176024,0.02053481557231862,1920,10.489887636276071,-60.69903918799803,1e-06
502,0.014749327313793692,0.010853568647530901,-0.7995727080972868,0.8287557472332386,0.01054635360737682,1920,51.76216044354984,-213.16057195072298,1e-06
503,0.15192359232339012,0.02472883149642836,0.0813030577294479,0.28604525355358557,-0.002747849382535376,1584,-61.51361816852482,9.940976035046555,1e-06
504,0.12402323616507543,0.05129028140120984,0.7743139809066215,0.8809731930029927,-0.0016989267440900826,1920,-32.854211277789005,2.602996723734037,1e-06
505,0.021066850373951642,0.01071156116188177,0.8675392078314931,0.9673940749837344,-0.0015922443519485298,1824,-25.649247912948155,-960.156576087485,1e-06
506,0.1557377515450348,0.06263204590650276,0.5512651651608818,0.8252067801729482,0.02763298973829175,1920,5.531354800764669,-70.58073959260251,1e-06
507,0.06929664228696786,0.031277463095841194,0.25637262078963474,0.5098636464889408,-0.0011345097245977758,1584,-60.74333427485462,-24.890686909249094,1e-06
