model,scope,perturbation,level,hours,RMSE,MAE,NSE,R,bias_mm_h,n_values,delta_NSE,relative_delta_NSE_pct,relative_delta_RMSE_pct
am,auxiliares,faltantes,0.05,12,0.0642907146846789,0.013628842572091642,0.8754918189576775,0.9359120525893748,0.003813584462045598,217704,-4.183793912371225e-05,-0.004778564341204267,0.01680551658989194
am,auxiliares,faltantes,0.05,24,0.0860417318936948,0.01814125412097669,0.7642212691798175,0.874589614507451,0.004055389633158594,435408,-3.527365172673047e-05,-0.004615420313713352,0.007481084050844072
am,auxiliares,faltantes,0.05,48,0.10233149505277585,0.025434259070962965,0.6443591524490532,0.8036114177432483,0.005122453079335023,870816,-1.2732653199454269e-05,-0.0019759790105419914,0.0017901480085544294
am,auxiliares,faltantes,0.1,12,0.06429029242594009,0.01363454913341284,0.8754934544814107,0.9359132132920317,0.0038160226412911114,217704,-4.0202415390488966e-05,-0.00459176127311661,0.016148610373120445
am,auxiliares,faltantes,0.1,24,0.08604214165821916,0.018143791711503512,0.7642190234326104,0.8745886269848414,0.004058051656553232,435408,-3.7519398933816284e-05,-0.00490926761252291,0.007957358958585393
am,auxiliares,faltantes,0.1,48,0.1023330939817517,0.02543491910233513,0.6443480385901501,0.8036049904150907,0.0051244876531237145,870816,-2.384651210252109e-05,-0.003700737517239286,0.0033526753597054194
am,auxiliares,faltantes,0.2,12,0.0644008519421132,0.013646776427577318,0.875064860395912,0.935682912175944,0.0038068291375188065,217704,-0.00046879650088915703,-0.053544086763121876,0.18814560373878658
am,auxiliares,faltantes,0.2,24,0.0860833432574636,0.01815223418953929,0.7639931601743581,0.8744562875160242,0.004053951633868281,435408,-0.000263382657186062,-0.03446259762595402,0.055846540944850975
am,auxiliares,faltantes,0.2,48,0.10235038985849863,0.02543964674615459,0.6442278070583262,0.8035265469512217,0.005125482715219579,870816,-0.0001440780439264655,-0.0223594553483044,0.02025478976721247
am,auxiliares,ruido,0.1,12,0.06430457819935723,0.01365672239272724,0.8754381158027982,0.935883215264026,0.0038150958980699445,217704,-9.554109400300437e-05,-0.010912326813527141,0.03837293045610325
am,auxiliares,ruido,0.1,24,0.08605687241725048,0.0181596809557932,0.7641382832278987,0.8745362147182357,0.0040506782222293,435408,-0.0001182596036455319,-0.015473809776934867,0.025079121535354854
am,auxiliares,ruido,0.1,48,0.10233669708889019,0.025446675677652936,0.6443229934238053,0.803574137485698,0.005112676111706291,870816,-4.889167844734921e-05,-0.007587494050829172,0.006873753242511418
am,auxiliares,ruido,0.5,12,0.06511991598718006,0.01458410400851174,0.8722593727183543,0.9341847228194726,0.0038286908097937447,217704,-0.0032742841784468846,-0.3739758206500134,1.306790638284705
am,auxiliares,ruido,0.5,24,0.08657293288493853,0.018860955045343592,0.7613009998685784,0.8728843659300556,0.004038741822018903,435408,-0.0029555429629658514,-0.38672131638097157,0.6249032571571702
am,auxiliares,ruido,0.5,48,0.10262829138358551,0.02593956050685854,0.6422932006453378,0.8022376444778007,0.005092810753955307,870816,-0.0020786844569148366,-0.3225908058643774,0.2918295378857316
am,auxiliares,ruido,1.0,12,0.06729649539309839,0.016922079524306414,0.8635774141121861,0.9295356699883112,0.0038843582872726866,217704,-0.011956242784615045,-1.3655948792410986,4.692886440778974
am,auxiliares,ruido,1.0,24,0.0880417759100125,0.020744240852200873,0.7531324954576355,0.868170882213238,0.004074240075507376,435408,-0.011124047373908708,-1.4555383893338347,2.332159582808717
am,auxiliares,ruido,1.0,48,0.10355809739962984,0.02733372308737304,0.6357822359212455,0.7981026995770475,0.005143183204653659,870816,-0.00858964918100713,-1.333026685303639,1.2004673531240178
am,todas,faltantes,0.05,12,0.06423309874965685,0.013644993023251051,0.875714881988387,0.9360309578321551,0.003817158908443167,217704,0.00018122509158580158,0.020698814963679063,-0.07282736112844236
am,todas,faltantes,0.05,24,0.08606100739732442,0.018159126851295955,0.7641156166609517,0.8745228427359804,0.0040587951125365205,435408,-0.00014092617059247026,-0.01843964201737072,0.029885265396319353
am,todas,faltantes,0.05,48,0.10237512268044457,0.025452063283844712,0.644055842623672,0.8034172347836895,0.005123723102956188,870816,-0.00031604247858063594,-0.04904659652096468,0.04442453798334586
am,todas,faltantes,0.1,12,0.06433017977557637,0.013705567615224895,0.8753389124342086,0.9358321131640662,0.0038307074273286434,217704,-0.0001947444625925998,-0.02224294418136278,0.0782011993155609
am,todas,faltantes,0.1,24,0.08588072974059767,0.018193191947628067,0.7651028266772957,0.8750877453308464,0.004082223535443569,435408,0.0008462838457514721,0.11073295396543412,-0.17965391923158258
am,todas,faltantes,0.1,48,0.10222093466258853,0.025470067483548707,0.6451272160842667,0.8040843547820912,0.005152673572172401,870816,0.0007553309820140797,0.11721972970534235,-0.10625319614949286
am,todas,faltantes,0.2,12,0.06554165330416084,0.013815640021546213,0.870599436954647,0.933300527705648,0.0038394518160786636,217704,-0.00493421994215415,-0.5635671345454335,1.9628856812226432
am,todas,faltantes,0.2,24,0.0864212869215023,0.018298952864830062,0.7621365043537329,0.8734226277269056,0.004126208877079347,435408,-0.0021200384778112813,-0.2773987998789793,0.44864308100731815
am,todas,faltantes,0.2,48,0.10249479022025618,0.02555976078785856,0.6432232212720221,0.8029625677421777,0.005214108425352327,870816,-0.0011486638302304897,-0.17826100995207342,0.16136769607554918
am,todas,ruido,0.1,12,0.06604576719723365,0.019259448231845118,0.868601211801981,0.9322080307744962,0.0035086819901413734,217704,-0.006932445094820161,-0.7917965277761202,2.7471336313187686
am,todas,ruido,0.1,24,0.08703820760800739,0.022058127524303566,0.7587283932184392,0.8714540443446683,0.003710878407145849,435408,-0.005528149613104993,-0.7233369036820266,1.1656984276179996
am,todas,ruido,0.1,48,0.10295453455251029,0.027743314927029496,0.6400153709169346,0.8008845222874759,0.004717388948161105,870816,-0.004356514185318017,-0.6760869438967996,0.6106453716543232
am,todas,ruido,0.5,12,0.09880621314994834,0.05891703295729724,0.7059170197060362,0.853056590510846,0.00030049267073544366,217704,-0.16961663719076503,-19.372943102147094,53.71242725979765
am,todas,ruido,0.5,24,0.10776009569727048,0.05363048017414046,0.6301698826118096,0.8037742707869308,-0.0007107321593494763,435408,-0.1340866602197346,-17.544718652057348,25.2510322011547
am,todas,ruido,0.5,48,0.11615005981259566,0.050185083826452696,0.5418244880526296,0.7433619507191958,-0.001065490958954479,870816,-0.10254739704962301,-15.914318954705822,13.505757939600807
am,todas,ruido,1.0,12,0.15231720450435063,0.10373246856973198,0.30112532677068304,0.7045303259146595,-0.0052932325115571804,217704,-0.5744083301261181,-65.60665322244984,136.95926067178664
am,todas,ruido,1.0,24,0.1471194041653185,0.0904484265657853,0.3106714703950333,0.6676704298619737,-0.008783586775326018,435408,-0.4535850724365109,-59.34984485131051,70.99889443576045
am,todas,ruido,1.0,48,0.1433968011269601,0.07817236116212413,0.3016519500643329,0.6209446834786565,-0.011359794968618955,870816,-0.34271993503791975,-53.18666797256913,40.13219299491701
cnn,auxiliares,faltantes,0.05,12,0.06148216226080364,0.013621359711120693,0.886132536406176,0.9416950325885597,0.002944257952541634,217704,1.1584069236958427e-05,0.0013072785612853555,-0.005086257779621565
cnn,auxiliares,faltantes,0.05,24,0.08515515401869347,0.0178245398332367,0.7690551850559751,0.877342817643757,0.002614679667839585,435408,-1.238420554605657e-05,-0.001610288359701373,0.00268131233863362
cnn,auxiliares,faltantes,0.05,48,0.10188012540875173,0.024228413546113867,0.6474895954306764,0.8052921682658662,0.00222318829979342,870816,-2.5236624943691943e-05,-0.0038974589761249165,0.003579749666483885
cnn,auxiliares,faltantes,0.1,12,0.06148648827745716,0.013615042049799592,0.8861165119250706,0.9416878114447095,0.0029462573552565363,217704,-4.4404118684227e-06,-0.0005011067458355591,0.0019495985762584167
cnn,auxiliares,faltantes,0.1,24,0.08516022683822298,0.017818366150567738,0.7690276687822694,0.8773289168442937,0.0026215658192573666,435408,-3.9900479251842036e-05,-0.005188163023199056,0.008638621213362315
cnn,auxiliares,faltantes,0.1,48,0.10188774212242066,0.0242280913289241,0.6474368850286738,0.8052608639093055,0.0022310277451040856,870816,-7.794702694630118e-05,-0.012037875132349973,0.011056169917885841
cnn,auxiliares,faltantes,0.2,12,0.0615125576337408,0.013608616528797695,0.8860199216436337,0.9416319866983616,0.002963695502730795,217704,-0.0001010306933052485,-0.011401456317989483,0.044348937458318236
cnn,auxiliares,faltantes,0.2,24,0.08517514054983578,0.01782367531249928,0.768946763493748,0.8772794158001167,0.002649683930909278,435408,-0.00012080576777317997,-0.015708082436655186,0.02615266562777015
cnn,auxiliares,faltantes,0.2,48,0.10190551697028144,0.024241043344525016,0.647313861351174,0.8051796130927266,0.002258918284942322,870816,-0.00020097070444613507,-0.03103723567352541,0.028503620129121863
cnn,auxiliares,ruido,0.1,12,0.0615441417369627,0.013705529073530755,0.8859028436708754,0.9415552524282864,0.002866134317459498,217704,-0.00021810866606364332,-0.02461387076881911,0.09571748991590115
cnn,auxiliares,ruido,0.1,24,0.08517726279705821,0.0178699348382916,0.7689352493783591,0.8772568770694282,0.0025357969901259447,435408,-0.00013231988316209087,-0.01720523507305709,0.02864494475163974
cnn,auxiliares,ruido,0.1,48,0.10184900875200185,0.024216063883323126,0.64770489297031,0.8054133078719365,0.0021363350178593846,870816,0.0001900609146898713,0.029352364653408507,-0.026963764609184197
cnn,auxiliares,ruido,0.5,12,0.06269225872900522,0.015122681158206048,0.8816061302757447,0.9392232152099945,0.0024655428226306787,217704,-0.004514822061194246,-0.5095040411004217,1.963021035589348
cnn,auxiliares,ruido,0.5,24,0.08602958486632913,0.018951468895282618,0.7642878370758304,0.874597313524829,0.0022090255202988655,435408,-0.004779732185690833,-0.6214970409271654,1.029576635275751
cnn,auxiliares,ruido,0.5,48,0.10241817808271945,0.02475476031178546,0.6437563842957321,0.8029959484269769,0.001666998085764603,870816,-0.003758447759887984,-0.580441956511838,0.5317219488910505
cnn,auxiliares,ruido,1.0,12,0.06527866278499152,0.01751843974043771,0.8716358113334892,0.9338090990785054,0.002463503799588959,217704,-0.014485141003449775,-1.6346686042406025,6.169562265935113
cnn,auxiliares,ruido,1.0,24,0.08792458963701659,0.02104610060050413,0.753789234363069,0.8685509474592031,0.0024604953876599177,435408,-0.015278334898452206,-1.9866050148393155,3.2549916480513614
cnn,auxiliares,ruido,1.0,48,0.10388238597976152,0.026095238466293455,0.6334975938541858,0.7965788680021562,0.0015390707679986209,870816,-0.014017238201434301,-2.164774844915097,1.9689603760569327
cnn,todas,faltantes,0.05,12,0.06189422338516153,0.013683126378239149,0.8846011137501474,0.9408421629479842,0.0029759515495293076,217704,-0.0015198385867916109,-0.1715159293754863,0.6650921333430689
cnn,todas,faltantes,0.05,24,0.08540848865858106,0.017883833733348807,0.7676790299732054,0.8765184633604717,0.002647985431774504,435408,-0.0013885392883158376,-0.18054841262506355,0.30018700709073814
cnn,todas,faltantes,0.05,48,0.10203841956032532,0.024272312008897352,0.6463933328475586,0.8045675468554048,0.002247137941158477,870816,-0.0011214992080614827,-0.17320054345336577,0.15895825697872065
cnn,todas,faltantes,0.1,12,0.06207068355667997,0.013749784373521918,0.8839421722852672,0.9404731510196147,0.0029892843418611744,217704,-0.0021787800516718248,-0.24587840361135763,0.9520878892026914
cnn,todas,faltantes,0.1,24,0.08518029090613563,0.017920087993932694,0.7689188200712161,0.8772262948868652,0.0026729914509882186,435408,-0.00014874919030505307,-0.019341498231148394,0.03220103046996687
cnn,todas,faltantes,0.1,48,0.10182627441932011,0.024295725468758342,0.6478621512563387,0.8054913282505568,0.0022710680570863424,870816,0.000347319200718621,0.05363880231376492,-0.04927935012964047
cnn,todas,faltantes,0.2,12,0.064186659688389,0.01392577593380581,0.875894527620452,0.9361319945506164,0.002976722940064873,217704,-0.010226424716487048,-1.1540664611887597,4.393522656465815
cnn,todas,faltantes,0.2,24,0.08619940369758633,0.01807509657595242,0.7633563465601416,0.8739904764746185,0.002726614473762793,435408,-0.005711222701379581,-0.7426165046672878,1.2290048279523798
cnn,todas,faltantes,0.2,48,0.10232686389114522,0.02441447069474054,0.644391341815137,0.8032554771359554,0.0023466524221533885,870816,-0.0031234902404830844,-0.48238126539389964,0.44208968741970606
cnn,todas,ruido,0.1,12,0.06386305676809562,0.01888194108422659,0.87714275135015,0.9368977550142366,0.0036335369504659023,217704,-0.008978200986789031,-1.0132026517498658,3.8672131560906555
cnn,todas,ruido,0.1,24,0.08667457486102734,0.022275579971806722,0.7607401760705661,0.8725669344991934,0.0032884229809525697,435408,-0.008327393190955101,-1.0827908396854236,1.7870261359283228
cnn,todas,ruido,0.1,48,0.10273760069879984,0.02745239046127976,0.6415308083690435,0.8015594009769998,0.0029497945813616996,870816,-0.005984023686576578,-0.9241523730938358,0.8452610708040028
cnn,todas,ruido,0.5,12,0.10201771387295426,0.0572426134945642,0.6864891643827988,0.8423797759266558,0.013148645413775103,217704,-0.19963178795414016,-22.528728998863812,65.92214918583181
cnn,todas,ruido,0.5,24,0.11435788025652659,0.05664338533413922,0.5834966183280235,0.7764519268639243,0.011653169557456279,435408,-0.18557095093349774,-24.129342901780113,34.297151906243165
cnn,todas,ruido,0.5,48,0.12190788926295403,0.05493193452625817,0.4952729019652238,0.7120013141182084,0.010380119260250228,870816,-0.15224193009039633,-23.511728620498854,19.662449149027843
cnn,todas,ruido,1.0,12,0.16523725332309805,0.10451636491283321,0.177535207973329,0.6674944753214639,0.030546989918619902,217704,-0.70858574436361,-79.96490123553438,168.74274237388596
cnn,todas,ruido,1.0,24,0.1627057998935832,0.09709136734779276,0.15687414552728962,0.6088531505260332,0.0260031294974798,435408,-0.6121934237342316,-79.6020334496845,91.07494363588711
cnn,todas,ruido,1.0,48,0.15528251124675888,0.08580784459806663,0.18108638800697208,0.5613539936058041,0.021277503352099658,870816,-0.466428444048648,-72.03363088501158,52.422338850593675
fdmlp,auxiliares,faltantes,0.05,12,0.06446783455511537,0.01796298927512302,0.8748048379323339,0.9353755671360772,0.0020141902893387052,217704,-6.571289197010444e-06,-0.000751166380289672,0.00262452150186054
fdmlp,auxiliares,faltantes,0.05,24,0.08667073261882845,0.021698737989461866,0.7607613881461383,0.872492585260696,0.0030919126097656863,435408,1.511325077785397e-05,0.0019866348711247753,-0.0031584648156256015
fdmlp,auxiliares,faltantes,0.05,48,0.10236607236640201,0.027065880104995,0.6441187732249709,0.802887589142747,0.00334931371423968,870816,4.430654868903261e-05,0.006879103423812873,-0.006224325522522938
fdmlp,auxiliares,faltantes,0.1,12,0.06444798100164785,0.017965603827165513,0.8748819364150886,0.9354146824535335,0.0019819318351307234,217704,7.052719355771231e-05,0.008061988311340428,-0.02817234745660878
fdmlp,auxiliares,faltantes,0.1,24,0.08666082590118844,0.021693695585228576,0.7608160763632952,0.8725211765394801,0.0030614812936958216,435408,6.980146793478248e-05,0.009175393983280902,-0.014588395589816177
fdmlp,auxiliares,faltantes,0.1,48,0.10235310012545996,0.027051588130494242,0.6442089649144269,0.8029402951558536,0.003321968346523641,870816,0.00013449823814504214,0.020882404924249583,-0.018895939473980633
fdmlp,auxiliares,faltantes,0.2,12,0.06437308055723605,0.01798983758710683,0.8751725879692202,0.9355660974346345,0.0019168728047783761,217704,0.0003611787476892614,0.04128646973302095,-0.1443580557357261
fdmlp,auxiliares,faltantes,0.2,24,0.08666013051019912,0.021710188729839253,0.7608199149068637,0.8725158070693465,0.002995902482334273,435408,7.364001150333976e-05,0.009679970041715794,-0.015390706825256761
fdmlp,auxiliares,faltantes,0.2,48,0.10235915222270167,0.02705338940439752,0.6441668881116573,0.8029065635007401,0.0032611979061084144,870816,9.24214353754671e-05,0.01434949530795777,-0.012984097396253147
fdmlp,auxiliares,ruido,0.1,12,0.06457021116604031,0.018078315530554893,0.8744068958145026,0.9351702845764532,0.0021291352504607098,217704,-0.0004045134070282952,-0.04624006988983601,0.16143131023241195
fdmlp,auxiliares,ruido,0.1,24,0.08669805821133095,0.021776810894758032,0.7606105098238201,0.87242249799402,0.0031973496462417905,435408,-0.00013576507154033912,-0.017846301194049674,0.028368590059342884
fdmlp,auxiliares,ruido,0.1,48,0.10237538687517338,0.027133872044457497,0.6440540054841599,0.8028621412588419,0.0034474276020485094,870816,-2.046119212195663e-05,-0.0031768364033348062,0.0028743228779785977
fdmlp,auxiliares,ruido,0.5,12,0.06758849947618673,0.021522213485222097,0.8623909518059993,0.9289992475529819,0.004366034607891882,217704,-0.01242045741553155,-1.419786857442126,4.84340573453484
fdmlp,auxiliares,ruido,0.5,24,0.08840064845959222,0.024498252022418704,0.7511158498018984,0.8674260973922935,0.005372613426466181,435408,-0.009630425093462014,-1.265918140024631,1.9927415924602363
fdmlp,auxiliares,ruido,0.5,48,0.10343527920527434,0.029370544249482423,0.6366456361422839,0.7987029307534095,0.005587446742606777,870816,-0.00742883053399801,-1.1534117432622606,1.0382040316888086
fdmlp,auxiliares,ruido,1.0,12,0.07716887393140558,0.03182680936654079,0.820615172545315,0.9090054582880562,0.012012419891937926,217704,-0.05419623667621587,-6.195190883992187,19.704500356870323
fdmlp,auxiliares,ruido,1.0,24,0.094611448538724,0.03359825201161305,0.7149154234288786,0.8496814346304452,0.012949406526246814,435408,-0.0458308514664818,-6.024459531239344,9.158486851024378
fdmlp,auxiliares,ruido,1.0,48,0.10762294579219085,0.037438471558764404,0.606628629840096,0.7830924148281824,0.01306811219983386,870816,-0.03744583683618585,-5.813898667559895,5.128822960515374
fdmlp,todas,faltantes,0.05,12,0.06428950146061582,0.017941488857467092,0.8754965180778147,0.9357433438325683,0.0019610506627907773,217704,0.0006851088562838115,0.0783150344247876,-0.2740061054156512
fdmlp,todas,faltantes,0.05,24,0.08665749621356768,0.021673658514949307,0.7608344558892579,0.8725171568027291,0.0030310390468975892,435408,8.81809938975131e-05,0.01159138030740174,-0.01843004126782554
fdmlp,todas,faltantes,0.05,48,0.10240836443380634,0.027051410152688846,0.6438246511277106,0.8026900304939447,0.003279600224691292,870816,-0.00024981554857128607,-0.03878674928078554,0.03508763852062031
fdmlp,todas,faltantes,0.1,12,0.06420695539766612,0.017974981869848663,0.8758160313465916,0.9359088780791389,0.0018901404550356257,217704,0.0010046221250606946,0.11483870860288373,-0.402051711350037
fdmlp,todas,faltantes,0.1,24,0.08638275065372643,0.021672710892071508,0.7623485893154921,0.8733746781706018,0.0029562923224635777,435408,0.0016023144201317008,0.210624024462308,-0.33541926450155807
fdmlp,todas,faltantes,0.1,48,0.1021920964007689,0.02702253408840998,0.6453274191191637,0.8036118282110074,0.003192510303955513,870816,0.0012529524428818162,0.19453533833558448,-0.1761684610950956
fdmlp,todas,faltantes,0.2,12,0.06528686243812287,0.018152839922135042,0.8716035616555229,0.9336450072216075,0.0017219233525316779,217704,-0.003207847566008004,-0.366690183986349,1.27310209256122
fdmlp,todas,faltantes,0.2,24,0.08702168283624216,0.02182953529513565,0.7588199985000744,0.8713688646897264,0.0027815984084361227,435408,-0.0019262763952859752,-0.25320878443353956,0.40175230744931184
fdmlp,todas,faltantes,0.2,48,0.10256297344571441,0.02711631990072909,0.6427483818617594,0.8020124257909784,0.0029889936098349526,870816,-0.0013260848145224546,-0.20588998371037084,0.1861136425139367
fdmlp,todas,ruido,0.1,12,0.06537429422911446,0.019197225476278886,0.87125943583931,0.9335177973810144,0.002548286857391128,217704,-0.0035519733822209076,-0.40602732712204853,1.408726448895067
fdmlp,todas,ruido,0.1,24,0.0872209639484388,0.022616581556935612,0.7577141212181907,0.8708224751819849,0.0036104919816148423,435408,-0.003032153677169691,-0.3985762109169394,0.6316740029877812
fdmlp,todas,ruido,0.1,48,0.10266889712450473,0.027741329795222282,0.6420100852805077,0.8016524133777345,0.003853483040805448,870816,-0.0020643813957741397,-0.3205190552619311,0.28958257837057266
fdmlp,todas,ruido,0.5,12,0.08648626261878833,0.04146786718045799,0.7746821277077168,0.8878508641629048,0.01749219257334999,217704,-0.10012928151381406,-11.445813401418276,34.157650968415
fdmlp,todas,ruido,0.5,24,0.1015065488096516,0.04200677881358075,0.6718484477977261,0.8290396323085658,0.018367563858081627,435408,-0.08889782709763427,-11.685607939370067,17.113747275480154
fdmlp,todas,ruido,0.5,48,0.11226572696523707,0.044397648572174694,0.5719570148985786,0.7653751458105079,0.018288914488424058,870816,-0.07211745177770323,-11.197067343759517,9.664009359594642
fdmlp,todas,ruido,1.0,12,0.15242832778661053,0.09633346710966804,0.3001052243235608,0.727469094461376,0.05831601111083439,217704,-0.5747061848979701,-65.69486621229419,136.4471047504
fdmlp,todas,ruido,1.0,24,0.15273023537150068,0.09136197879124827,0.257089698223808,0.6812593680202257,0.05786669852547727,435408,-0.5036565766715524,-66.20559223123763,76.21336156511894
fdmlp,todas,ruido,1.0,48,0.14989708599012427,0.08683996967264876,0.23690364579923462,0.6318583896925004,0.054539886424188305,870816,-0.40717082087704726,-63.21797275682026,46.42327525378296
gnn,auxiliares,faltantes,0.05,12,0.06410500130320793,0.01687626883080427,0.8762101011713613,0.9362409986718673,-0.0018542871189338788,217704,-5.42853744445182e-06,-0.0006195436237310122,0.0021927136401441428
gnn,auxiliares,faltantes,0.05,24,0.08662928069446262,0.02034758374952358,0.7609901742443116,0.8723704204589808,-0.000730255860821041,435408,-3.870200374367361e-05,-0.005085484263682367,0.00809730403619066
gnn,auxiliares,faltantes,0.05,48,0.1029254432533758,0.025959274472140866,0.6402187799461088,0.8001488011464745,-6.139525023341483e-05,870816,-3.3342249477485986e-05,-0.005207674964535376,0.004634006065274828
gnn,auxiliares,faltantes,0.1,12,0.06410308634828409,0.016873214177238534,0.8762174968044895,0.9362429651749948,-0.001827265011904284,217704,1.9670956836748132e-06,0.00022449906638022515,-0.0007945679671991399
gnn,auxiliares,faltantes,0.1,24,0.0866292490703559,0.020351854657577797,0.760990348745838,0.8723695846520626,-0.0007008194137241475,435408,-3.8527502217222676e-05,-0.005062554578371181,0.008060795978904797
gnn,auxiliares,faltantes,0.1,48,0.10292948010500204,0.025971111052308867,0.6401905573445943,0.8001308046138177,-2.983748843826872e-05,870816,-6.156485099195752e-05,-0.009615719941831054,0.008556300268324058
gnn,auxiliares,faltantes,0.2,12,0.06411313719960107,0.01687023315802162,0.8761786775481903,0.9362173784122536,-0.001761311024363739,217704,-3.68521606154415e-05,-0.004205832853440596,0.014884507766430853
gnn,auxiliares,faltantes,0.2,24,0.08663177067411931,0.02036106060632101,0.7609764343597829,0.8723595432766047,-0.0006270193355314699,435408,-5.244188827235874e-05,-0.006890919636440372,0.010971830129398553
gnn,auxiliares,faltantes,0.2,48,0.10293878942950742,0.025998205483203998,0.6401254693963657,0.8000897116014574,4.993268644585732e-05,870816,-0.00012665279922052797,-0.019781707054121668,0.017601445575227345
gnn,auxiliares,ruido,0.1,12,0.06412268435379713,0.01690405973570177,0.876141798077717,0.9362039569453352,-0.0019032826957909744,217704,-7.373163108881364e-05,-0.008414782503719947,0.02977782863643897
gnn,auxiliares,ruido,0.1,24,0.08663807551280125,0.020348670745445312,0.760941642046321,0.8723431303824177,-0.0007812419969610611,435408,-8.723420173428753e-05,-0.01146266645811923,0.018250372850003287
gnn,auxiliares,ruido,0.1,48,0.10290958314826086,0.025937607365042657,0.6403296510416788,0.8002183063006499,-0.00011831853192471737,870816,7.752884609257826e-05,0.012109111927143992,-0.010776022370672517
gnn,auxiliares,ruido,0.5,12,0.06481651742272536,0.01750771840441259,0.8734469061495145,0.9347926186340219,-0.0026924517075701594,217704,-0.0027686235592913055,-0.3159751756752596,1.1121399978824287
gnn,auxiliares,ruido,0.5,24,0.08717695925703116,0.020616082292336437,0.7579585355269343,0.8706577996494332,-0.0015347751283935186,435408,-0.003070340721121001,-0.40344602116257045,0.6403580193233096
gnn,auxiliares,ruido,0.5,48,0.10322076373679383,0.025886324206730576,0.6381512018755325,0.7988760403270891,-0.0009240474246993089,870816,-0.002100920320053712,-0.3281395324156249,0.2915739105747039
gnn,auxiliares,ruido,1.0,12,0.06711884261063972,0.019616580764728195,0.8642967342581056,0.9300949642574478,-0.004956993867623137,217704,-0.011918795450700181,-1.3602584120668548,4.703709492472829
gnn,auxiliares,ruido,1.0,24,0.08863587689539978,0.02190846339468033,0.7497895581487215,0.866159053487621,-0.003725108498761861,435408,-0.011239318099333762,-1.47685829672386,2.324587369571977
gnn,auxiliares,ruido,1.0,48,0.10426580915381488,0.02631605846100943,0.6307871275930551,0.7944717183342865,-0.0032946442141403047,870816,-0.00946499460253114,-1.478323034693471,1.3069631199427998
gnn,todas,faltantes,0.05,12,0.06403415529024756,0.016890146406058598,0.87648356422351,0.936396139442911,-0.0018967320592342416,217704,0.00026803451470425177,0.030590021018382103,-0.10832528802942706
gnn,todas,faltantes,0.05,24,0.08667403603731079,0.020364110946837852,0.7607431508406653,0.8722305966573997,-0.0007727629544373701,435408,-0.00028572540738991403,-0.03754462101340589,0.05976455379925815
gnn,todas,faltantes,0.05,48,0.1029982787613749,0.025981291059816235,0.6397093991929463,0.7998300272693316,-0.00010275074189551679,870816,-0.000542723002639911,-0.08476707594170509,0.07540259437405306
gnn,todas,faltantes,0.1,12,0.06407701392447063,0.016937246556494045,0.8763181675756361,0.9363112494070749,-0.001907517331805953,217704,0.00010263786683029075,0.011713769426615912,-0.041466894582918384
gnn,todas,faltantes,0.1,24,0.08651698497087221,0.02039516192612491,0.7616094194969563,0.8727312094637752,-0.0007754187782295067,435408,0.0005805432489009998,0.07628399749601267,-0.12154109953391484
gnn,todas,faltantes,0.1,48,0.10286050400380897,0.026006367768199954,0.6406726337483128,0.8004355089626363,-9.835924142136708e-05,870816,0.000420511552726599,0.06567905644491402,-0.058462403143979824
gnn,todas,faltantes,0.2,12,0.06562122870740178,0.01708534105841868,0.8702850306978325,0.9330394307337972,-0.0019432374326596145,217704,-0.005930499010973311,-0.67683107750261,2.3674694001614576
gnn,todas,faltantes,0.2,24,0.08717947465430315,0.020525625776516804,0.7579445676338532,0.8706163938128261,-0.0007794187016707717,435408,-0.003084308614202058,-0.4052814171004907,0.6432618884668443
gnn,todas,faltantes,0.2,48,0.10317310262623566,0.026109114262901717,0.6384852845414919,0.7990574421660145,-8.621236793030674e-05,870816,-0.0017668376540943553,-0.27595967164238716,0.24526532285302313
gnn,todas,ruido,0.1,12,0.06503769014842702,0.01829543828283449,0.8725817609989165,0.9342357359759966,-0.0007346507615656999,217704,-0.0036337687098892957,-0.41471174462028904,1.4571638975623336
gnn,todas,ruido,0.1,24,0.08728557281534657,0.02148719142616397,0.7573550420894237,0.8702738459464895,0.00045547192084326263,435408,-0.0036738341586315393,-0.48274569773802684,0.7657455929181574
gnn,todas,ruido,0.1,48,0.10329246975286165,0.026940156263667525,0.6376482846869863,0.7985692487533423,0.0011744526376672557,870816,-0.0026038375085999377,-0.406689399118385,0.3612450595756583
gnn,todas,ruido,0.5,12,0.09187652305422928,0.04895839790001566,0.7457210061233708,0.875064552198751,0.02347875400528336,217704,-0.130494523585435,-14.892970868571854,43.32506945707622
gnn,todas,ruido,0.5,24,0.10570142806719517,0.050174063518192716,0.6441655038162841,0.8167509903976867,0.025453383961791743,435408,-0.11686337243177114,-15.355970854603925,22.025700993674988
gnn,todas,ruido,0.5,48,0.11671043797366061,0.053799907750548125,0.5373927914412773,0.7499355597120917,0.026701169294744195,870816,-0.10285933075430898,-16.065441595348148,13.398439349064466
gnn,todas,ruido,1.0,12,0.15099150625283983,0.09225305638336435,0.31323774750069466,0.7109907875611028,0.047492175756604756,217704,-0.5629777822081111,-64.25106188145358,135.5429591990927
gnn,todas,ruido,1.0,24,0.14927337412432484,0.08716372183289764,0.29033883849697506,0.6657975331990236,0.047133120309251826,435408,-0.4706900377510802,-61.84916925513088,72.32679302717005
gnn,todas,ruido,1.0,48,0.14824857980644487,0.0844752260398512,0.2535957881254267,0.6081967140879467,0.04556139909848023,870816,-0.38665633407015954,-60.39126160866399,44.04159454495449
lstm,auxiliares,faltantes,0.05,12,0.06166966696363096,0.01434993159930721,0.885436944671218,0.9413139291192775,-0.003893622331198837,217704,9.878691656250993e-06,0.0011156979536560746,-0.004311186009918918
lstm,auxiliares,faltantes,0.05,24,0.0850817028496805,0.01802783039830435,0.769453419337434,0.877409462712746,-0.0035007100172034,435408,-3.0455749615354577e-05,-0.003957945137175124,0.00660577296733876
lstm,auxiliares,faltantes,0.05,48,0.10158773501806055,0.02354115436566952,0.6495100631309102,0.8061237310819183,-0.0026715094017087868,870816,-1.2802777294096401e-05,-0.0019711049396536244,0.0018264615763681977
lstm,auxiliares,faltantes,0.1,12,0.06167602986665667,0.01433542765359733,0.8854133028630822,0.9412997918950536,-0.003881293881214292,217704,-1.376311647960371e-05,-0.0015544043104642796,0.006006088304015352
lstm,auxiliares,faltantes,0.1,24,0.08508767090332015,0.0180172136147615,0.769421074836314,0.8773894999414741,-0.0034889333223445166,435408,-6.280025073546192e-05,-0.008161347205405378,0.013620733500348101
lstm,auxiliares,faltantes,0.1,48,0.10159672069912343,0.023537334412788505,0.6494480570221313,0.8060837870318048,-0.0026619671120196435,870816,-7.480888607303005e-05,-0.011517513855101543,0.010671865188615525
lstm,auxiliares,faltantes,0.2,12,0.06172638408254569,0.014309573699835838,0.885226122246239,0.9411993049799636,-0.0038597113909938524,217704,-0.00020094373332280036,-0.022694555095906534,0.08765408075190911
lstm,auxiliares,faltantes,0.2,24,0.08508742580667197,0.017997251613379787,0.7694224032083259,0.8773881617787188,-0.0034674563068526286,435408,-6.1471878723518e-05,-0.00798871564612889,0.013332642370892567
lstm,auxiliares,faltantes,0.2,48,0.10159854959035837,0.023534973005089433,0.6494354360016481,0.8060768150253248,-0.002643620611728063,870816,-8.74299065561912e-05,-0.013460635667374255,0.0124722051987682
lstm,auxiliares,ruido,0.1,12,0.06168416496024338,0.01449064259628185,0.8853830728050175,0.941277779125664,-0.0038968546247989872,217704,-4.399317454428786e-05,-0.0049685825331776505,0.019196921444865612
lstm,auxiliares,ruido,0.1,24,0.08514438012373987,0.018139814417579656,0.7691136199869444,0.8772137299404241,-0.003495998834322024,435408,-0.0003702551001050214,-0.048117330602039654,0.08027779912381969
lstm,auxiliares,ruido,0.1,48,0.10164057936585731,0.02362622847496723,0.6491453295458166,0.8058863267341915,-0.0026633153815258824,870816,-0.00037753636238768706,-0.05812518422423692,0.05384584459447836
lstm,auxiliares,ruido,0.5,12,0.06321582308029655,0.016921721412038425,0.8796203780532548,0.9381333098908036,-0.003832701568691842,217704,-0.005806687926307008,-0.6558064632780317,2.502738932991357
lstm,auxiliares,ruido,0.5,24,0.08652073444151795,0.02020113673507538,0.7615887563207558,0.8729254625205275,-0.0032943713812615266,435408,-0.007895118766293563,-1.0260278378673513,1.6980700981935666
lstm,auxiliares,ruido,0.5,48,0.102714439306621,0.025210478922464606,0.6416924183266741,0.8011814590716465,-0.002410659144810889,870816,-0.007830447581530176,-1.2055691943317721,1.110941520772287
lstm,auxiliares,ruido,1.0,12,0.06783055557322196,0.022054150941903956,0.8614035425667541,0.9284334258435533,-0.003553865247584247,217704,-0.024023523412807668,-2.713213130234512,9.985402242889151
lstm,auxiliares,ruido,1.0,24,0.09019649479230264,0.0249024354805988,0.7409010462562513,0.8614308515789818,-0.0026113199967695818,435408,-0.0285828288307981,-3.7145455228109374,6.018626739687835
lstm,auxiliares,ruido,1.0,48,0.10552063369230628,0.02904748601194954,0.6218468002549853,0.7890049217115362,-0.0015996771975288055,870816,-0.027676065653219006,-4.260984040110823,3.873327786445597
lstm,todas,faltantes,0.05,12,0.06151030882745949,0.01435676962926169,0.8860282553706219,0.9416475585181941,-0.003888495243562424,217704,0.0006011893910601307,0.06789823963592366,-0.2627060724940177
lstm,todas,faltantes,0.05,24,0.08503241509128752,0.018043090035230535,0.7697204528466715,0.87756308986191,-0.003490870057587546,435408,0.00023657775962204752,0.030744992491919886,-0.05132796904707323
lstm,todas,faltantes,0.05,48,0.10158911911253865,0.023564539100245627,0.6495005124801178,0.8061228948842134,-0.002659060020486397,870816,-2.235342808654117e-05,-0.00344151518904345,0.0031889486500359127
lstm,todas,faltantes,0.1,12,0.06161455248780378,0.01436563761009003,0.885641624267895,0.9414446038993949,-0.0038728049632677885,217704,0.00021455828833316648,0.024232180896322307,-0.0936778105647567
lstm,todas,faltantes,0.1,24,0.08477230576902436,0.018020266868976325,0.7711271221693718,0.8783662613182378,-0.0034695881505559106,435408,0.001643247082322441,0.21355185410955432,-0.3570652730524167
lstm,todas,faltantes,0.1,48,0.10136126010933809,0.023543109023558148,0.6510710526849812,0.8071082342520448,-0.0026350274945907033,870816,0.0015481867767769275,0.2383575479844199,-0.22111289735252862
lstm,todas,faltantes,0.2,12,0.0632398598618916,0.01448976538105947,0.8795288158888928,0.9381478686655493,-0.0038200905477960637,217704,-0.005898250090669022,-0.6661474803849253,2.5417139210334576
lstm,todas,faltantes,0.2,24,0.08554906043675328,0.018139656407752894,0.7669136576384995,0.875946043077818,-0.0033867540292448193,435408,-0.002570217448549905,-0.3340183637063407,0.5559465172160696
lstm,todas,faltantes,0.2,48,0.10173678126582927,0.02365120961627597,0.6484808536145528,0.8054685293347239,-0.0025509017484282213,870816,-0.0010420122936515286,-0.16042734572469908,0.14854591546976417
lstm,todas,ruido,0.1,12,0.06417901060324449,0.02067342126281098,0.8759241050051106,0.9361906682071731,-0.004117948502368133,217704,-0.009502960974451136,-1.0732629868207,4.06452132223339
lstm,todas,ruido,0.1,24,0.08657182724935558,0.0228687554310529,0.7613070967493034,0.8728023331661,-0.003716764073940242,435408,-0.008176778337745993,-1.0626315381619893,1.7581255286811253
lstm,todas,ruido,0.1,48,0.10246747705862054,0.026796557257715844,0.6434133461242921,0.8023099640405635,-0.002877879691341573,870816,-0.006109519783912165,-0.9406165825077528,0.8678346549413692
lstm,todas,ruido,0.5,12,0.10714125213046176,0.06647930144874627,0.6542080996344067,0.8331563447520288,-0.004960554468943651,217704,-0.23121896634515504,-26.11383537156207,73.72662825465194
lstm,todas,ruido,0.5,24,0.11505967813209222,0.060777556156775214,0.5783688896055701,0.781574040653432,-0.005130179983043317,435408,-0.19111498548147932,-24.836775879138344,35.243271889496135
lstm,todas,ruido,0.5,48,0.12075091574265316,0.055204438467651606,0.5048077213801646,0.7240785799416811,-0.004732044476835683,870816,-0.14471514452803969,-22.28022324136191,18.865846541676007
lstm,todas,ruido,1.0,12,0.17421266844789446,0.11995398523170453,0.08575867685401761,0.6629491598098061,-0.003484838576713784,217704,-0.7996683891255442,-90.3144279016204,182.48110682751133
lstm,todas,ruido,1.0,24,0.1655027992601996,0.10534224572405476,0.12763742461408645,0.6275444376352647,-0.005316371442772442,435408,-0.641846450472963,-83.41259268108156,94.53504861297547
lstm,todas,ruido,1.0,48,0.15577566724780884,0.08946968689643342,0.17587661327519422,0.5877782040117576,-0.006332601931882941,870816,-0.4736462526330101,-72.92218295821313,53.34381891950018
